task_id,task_generation_config_json,env,domain,l1_category,l2_category,suggested_split,suggested_difficulty,suggested_hint,suggested_max_steps,metadata_json
navi_bench/redfin/new_orleans_homes_search/1,"{""_target_"":""navi_bench.redfin.redfin_url_match.generate_task_config"",""url"":""https://www.redfin.com/city/14233/LA/New-Orleans"",""task"":""Look for properties for sale in New Orleans priced under $225,000."",""location"":""New Orleans, LA, United States"",""timezone"":""America/Chicago"",""gt_urls"": [[""https://www.redfin.com/city/14233/LA/New-Orleans/filter/max-price=225k""]]}",real,redfin,realestate,new_orleans_homes_search,train,easy,null,null,null
navi_bench/redfin/las_vegas_rentals_search/0,"{""_target_"":""navi_bench.redfin.redfin_url_match.generate_task_config"",""url"":""https://www.redfin.com/city/10201/NV/Las-Vegas/rentals"",""task"":""Find rental listings in Las Vegas priced under $1,000 per month."",""location"":""Las Vegas, NV, United States"",""timezone"":""America/Los_Angeles"",""gt_urls"": [[""https://www.redfin.com/city/10201/NV/Las-Vegas/rentals/filter/max-price=1k""]]}",real,redfin,realestate,rental_search,train,easy,null,null,null
navi_bench/redfin/las_vegas_furnished_rentals/7,"{""_target_"":""navi_bench.redfin.redfin_url_match.generate_task_config"",""url"":""https://www.redfin.com/rentals"",""task"":""Search for furnished rentals in Las Vegas priced between $600 and $2,500."",""location"":""Las Vegas, NV, United States"",""timezone"":""America/Los_Angeles"",""gt_urls"": [[""https://www.redfin.com/city/10201/NV/Las-Vegas/rentals/filter/min-price=600,max-price=2.5k,is-furnished""]]}",real,redfin,realestate,las_vegas_furnished_rentals,train,medium,null,null,null
navi_bench/redfin/oakland_rentals_search/0,"{""_target_"":""navi_bench.redfin.redfin_url_match.generate_task_config"",""url"":""https://www.redfin.com/city/13654/CA/Oakland/rentals"",""task"":""Find rentals in Oakland under $1,000 per month."",""location"":""Oakland, CA, United States"",""timezone"":""America/Los_Angeles"",""gt_urls"": [[""https://www.redfin.com/city/13654/CA/Oakland/rentals/filter/max-price=1k""]]}",real,redfin,realestate,oakland_rentals_search,train,easy,null,null,null
navi_bench/redfin/oakland_rentals_search/1,"{""_target_"":""navi_bench.redfin.redfin_url_match.generate_task_config"",""url"":""https://www.redfin.com/rentals"",""task"":""Look for Oakland rentals priced between $600 and $2,500 that include parking."",""location"":""Oakland, CA, United States"",""timezone"":""America/Los_Angeles"",""gt_urls"": [[""https://www.redfin.com/city/13654/CA/Oakland/rentals/filter/min-price=600,max-price=2.5k,has-parking""]]}",real,redfin,realestate,oakland_rentals_search,validation,medium,null,null,null
navi_bench/redfin/olympia_home_search/0,"{""_target_"":""navi_bench.redfin.redfin_url_match.generate_task_config"",""url"":""https://www.redfin.com/city/13223/WA/Olympia"",""task"":""Search for houses for sale in Olympia between 1,600 and 2,000 square feet."",""location"":""Olympia, WA, United States"",""timezone"":""America/Los_Angeles"",""gt_urls"": [[""https://www.redfin.com/city/13223/WA/Olympia/filter/property-type=house,min-sqft=1.6k-sqft,max-sqft=2k-sqft""]]}",real,redfin,realestate,olympia_home_search,train,medium,null,null,null
navi_bench/redfin/olympia_homes_search/1,"{""_target_"":""navi_bench.redfin.redfin_url_match.generate_task_config"",""url"":""https://www.redfin.com/city/13223/WA/Olympia"",""task"":""Find houses for sale in Olympia priced under $225,000."",""location"":""Olympia, WA, United States"",""timezone"":""America/Los_Angeles"",""gt_urls"": [[""https://www.redfin.com/city/13223/WA/Olympia/filter/property-type=house,max-price=225k""]]}",real,redfin,realestate,olympia_homes_search,train,easy,null,null,null
navi_bench/redfin/detroit_property_search/1,"{""_target_"": ""navi_bench.redfin.redfin_url_match.generate_task_config"", ""url"": ""https://www.redfin.com/"", ""task"": ""Search for houses or condos for sale in Detroit priced under $300,000 with minimum 2 and maximum 3 bedrooms."", ""location"": ""Detroit, MI, United States"", ""timezone"": ""America/Detroit"", ""gt_urls"": [[""https://www.redfin.com/city/5665/MI/Detroit/filter/property-type=house+condo,max-price=300k,min-beds=2,max-beds=3"",""https://www.redfin.com/city/5665/MI/Detroit/filter/property-type=condo,max-price=300k,min-beds=2,max-beds=3"",""https://www.redfin.com/city/5665/MI/Detroit/filter/property-type=house,max-price=300k,min-beds=2,max-beds=3""]]}",real,redfin,realestate,detroit_property_search,train,hard,null,null,null
navi_bench/redfin/detroit_property_search/2,"{""_target_"": ""navi_bench.redfin.redfin_url_match.generate_task_config"", ""url"": ""https://www.redfin.com/"", ""task"": ""Find homes for sale in Detroit with finished or unfinished basements and minimum 3 and maximum 4 bedrooms."", ""location"": ""Detroit, MI, United States"", ""timezone"": ""America/Detroit"", ""gt_urls"": [[""https://www.redfin.com/city/5665/MI/Detroit/filter/min-beds=3,max-beds=4,basement-type=finished+unfinished"",""https://www.redfin.com/city/5665/MI/Detroit/filter/min-beds=3,max-beds=4,basement-type=finished"",""https://www.redfin.com/city/5665/MI/Detroit/filter/min-beds=3,max-beds=4,basement-type=unfinished""]]}",real,redfin,realestate,detroit_property_search,train,hard,null,null,null
navi_bench/redfin/detroit_rental_search/3,"{""_target_"": ""navi_bench.redfin.redfin_url_match.generate_task_config"", ""url"": ""https://www.redfin.com/"", ""task"": ""Look for rental properties in Detroit under $1,200 with at minimum 1 and maximum 3 bedroom and air conditioning."", ""location"": ""Detroit, MI, United States"", ""timezone"": ""America/Detroit"", ""gt_urls"": [[""https://www.redfin.com/city/5665/MI/Detroit/rentals/filter/max-price=1.2k,min-beds=1,max-beds=3,air-conditioning""]]}",real,redfin,realestate,detroit_rental_search,train,hard,null,null,null
navi_bench/redfin/everett_home_search/1,"{""_target_"": ""navi_bench.redfin.redfin_url_match.generate_task_config"", ""url"": ""https://www.redfin.com/"", ""task"": ""Search for houses for sale in Everett with 3 bedrooms and a minimum of 2 bathrooms."", ""location"": ""Everett, WA, United States"", ""timezone"": ""America/Los_Angeles"", ""gt_urls"": [[""https://www.redfin.com/city/5832/WA/Everett/filter/property-type=house,min-beds=3,max-beds=3,min-baths=2""]]}",real,redfin,realestate,everett_home_search,validation,hard,null,null,null
navi_bench/redfin/everett_rental_search/2,"{""_target_"": ""navi_bench.redfin.redfin_url_match.generate_task_config"", ""url"": ""https://www.redfin.com/"", ""task"": ""Find rentals in Everett priced between $1,500 and $2,500 and include parking."", ""location"": ""Everett, WA, United States"", ""timezone"": ""America/Los_Angeles"", ""gt_urls"": [[""https://www.redfin.com/city/5832/WA/Everett/rentals/filter/min-price=1.5k,max-price=2.5k,has-parking""]]}",real,redfin,realestate,everett_rental_search,train,hard,null,null,null
navi_bench/redfin/ozark_property_search/1,"{""_target_"": ""navi_bench.redfin.redfin_url_match.generate_task_config"", ""url"": ""https://www.redfin.com/"", ""task"": ""Search for single-family houses for sale in Ozark under $350,000 with at least 3 bedrooms."", ""location"": ""Ozark, MO, United States"", ""timezone"": ""America/Chicago"", ""gt_urls"": [[""https://www.redfin.com/city/14435/MO/Ozark/filter/property-type=house,max-price=350k,min-beds=3""]]}",real,redfin,realestate,ozark_property_search,validation,hard,null,null,null
navi_bench/redfin/jacksonville_property_search/1,"{""_target_"": ""navi_bench.redfin.redfin_url_match.generate_task_config"", ""url"": ""https://www.redfin.com/"", ""task"": ""Find properties for sale in Jacksonville priced between $200,000 and $500,000 with at least 2 bathrooms."", ""location"": ""Jacksonville, FL, United States"", ""timezone"": ""America/New_York"", ""gt_urls"": [[""https://www.redfin.com/city/8907/FL/Jacksonville/filter/min-price=200k,max-price=500k,min-baths=2""]]}",real,redfin,realestate,jacksonville_property_search,train,hard,null,null,null
navi_bench/redfin/brooklyn_condo_search/1,"{""_target_"": ""navi_bench.redfin.redfin_url_match.generate_task_config"", ""url"": ""https://www.redfin.com/"", ""task"": ""Search for condos for sale in Brooklyn under $1,000,000 with minimum 2 maximum 4 bedrooms and elevator access feature."", ""location"": ""Brooklyn, NY, United States"", ""timezone"": ""America/New_York"", ""gt_urls"": [[""https://www.redfin.com/neighborhood/219258/NY/New-York/Brooklyn/filter/property-type=condo,max-price=1M,min-beds=2,max-beds=4,has-elevator""]]}",real,redfin,realestate,brooklyn_condo_search,train,hard,null,null,null
navi_bench/redfin/san_jose_property_search/1,"{""_target_"": ""navi_bench.redfin.redfin_url_match.generate_task_config"", ""url"": ""https://www.redfin.com/"", ""task"": ""Find houses for sale in San Jose priced between $900,000 and $1,400,000 that have 3 bedrooms and air conditioning."", ""location"": ""San Jose, CA, United States"", ""timezone"": ""America/Los_Angeles"", ""gt_urls"": [[""https://www.redfin.com/city/17420/CA/San-Jose/filter/property-type=house,min-price=900k,max-price=1.4M,min-beds=3,max-beds=3,air-conditioning""]]}",real,redfin,realestate,san_jose_property_search,train,hard,null,null,null
navi_bench/redfin/san_jose_property_search/2,"{""_target_"": ""navi_bench.redfin.redfin_url_match.generate_task_config"", ""url"": ""https://www.redfin.com/"", ""task"": ""Search for homes for sale in San Jose priced between $700k and $1.2M with minimum 3, maximum 4 bedrooms and minimum 2 bathrooms."", ""location"": ""San Jose, CA, United States"", ""timezone"": ""America/Los_Angeles"", ""gt_urls"": [[""https://www.redfin.com/city/17420/CA/San-Jose/filter/min-price=700k,max-price=1.2M,min-beds=3,max-beds=4,min-baths=2""]]}",real,redfin,realestate,san_jose_property_search,train,hard,null,null,null
navi_bench/redfin/san_jose_property_search/3,"{""_target_"": ""navi_bench.redfin.redfin_url_match.generate_task_config"", ""url"": ""https://www.redfin.com/"", ""task"": ""Find houses for sale in San Jose with a minimum of 2000 square feet and at least 2 garage parking spaces."", ""location"": ""San Jose, CA, United States"", ""timezone"": ""America/Los_Angeles"", ""gt_urls"": [[""https://www.redfin.com/city/17420/CA/San-Jose/filter/property-type=house,min-sqft=2k-sqft,min-parking=2""]]}",real,redfin,realestate,san_jose_property_search,train,hard,null,null,null
navi_bench/redfin/san_jose_property_search/4,"{""_target_"": ""navi_bench.redfin.redfin_url_match.generate_task_config"", ""url"": ""https://www.redfin.com/"", ""task"": ""Look for San Jose homes for sale built in or after 2015 with air conditioning and a fireplace."", ""location"": ""San Jose, CA, United States"", ""timezone"": ""America/Los_Angeles"", ""gt_urls"": [[""https://www.redfin.com/city/17420/CA/San-Jose/filter/min-year-built=2015,air-conditioning,fireplace""]]}",real,redfin,realestate,san_jose_property_search,train,hard,null,null,null
navi_bench/redfin/san_jose_property_search/5,"{""_target_"": ""navi_bench.redfin.redfin_url_match.generate_task_config"", ""url"": ""https://www.redfin.com/"", ""task"": ""Search for townhouses for sale in San Jose with minimum 2 maximum 3 bedrooms where pets are allowed, only show listings which are currently active."", ""location"": ""San Jose, CA, United States"", ""timezone"": ""America/Los_Angeles"", ""gt_urls"": [[""https://www.redfin.com/city/17420/CA/San-Jose/filter/property-type=townhouse,min-beds=2,max-beds=3,status=active,pets-allowed""]]}",real,redfin,realestate,san_jose_property_search,train,hard,null,null,null
navi_bench/redfin/san_jose_property_search/6,"{""_target_"": ""navi_bench.redfin.redfin_url_match.generate_task_config"", ""url"": ""https://www.redfin.com/"", ""task"": ""Find houses in San Jose for sale with a minimum lot size of 4500 square feet and a private pool."", ""location"": ""San Jose, CA, United States"", ""timezone"": ""America/Los_Angeles"", ""gt_urls"": [[""https://www.redfin.com/city/17420/CA/San-Jose/filter/property-type=house,min-lot-size=4.5k-sqft,pool-type=private""]]}",real,redfin,realestate,san_jose_property_search,train,hard,null,null,null
navi_bench/redfin/brooklyn_property_search/2,"{""_target_"": ""navi_bench.redfin.redfin_url_match.generate_task_config"", ""url"": ""https://www.redfin.com/"", ""task"": ""Search for homes for sale in Brooklyn priced between $500k and $900k with minimum 2 and maximum 4 bedrooms."", ""location"": ""Brooklyn, NY, United States"", ""timezone"": ""America/New_York"", ""gt_urls"": [[""https://www.redfin.com/neighborhood/219258/NY/New-York/Brooklyn/filter/min-price=500k,max-price=900k,min-beds=2,max-beds=4""]]}",real,redfin,realestate,brooklyn_property_search,train,hard,null,null,null
navi_bench/redfin/brooklyn_property_search/3,"{""_target_"": ""navi_bench.redfin.redfin_url_match.generate_task_config"", ""url"": ""https://www.redfin.com/"", ""task"": ""Find Brooklyn homes for sale that allow pets and have at least 2 bathrooms."", ""location"": ""Brooklyn, NY, United States"", ""timezone"": ""America/New_York"", ""gt_urls"": [[""https://www.redfin.com/neighborhood/219258/NY/New-York/Brooklyn/filter/min-baths=2,pets-allowed""]]}",real,redfin,realestate,brooklyn_property_search,train,hard,null,null,null
navi_bench/redfin/brooklyn_property_search/4,"{""_target_"": ""navi_bench.redfin.redfin_url_match.generate_task_config"", ""url"": ""https://www.redfin.com/"", ""task"": ""Look for Brooklyn properties for sale with finished or unfinished basements and are on the waterfront."", ""location"": ""Brooklyn, NY, United States"", ""timezone"": ""America/New_York"", ""gt_urls"": [[""https://www.redfin.com/neighborhood/219258/NY/New-York/Brooklyn/filter/water-front,basement-type=finished+unfinished"",""https://www.redfin.com/neighborhood/219258/NY/New-York/Brooklyn/filter/water-front,basement-type=finished"",""https://www.redfin.com/neighborhood/219258/NY/New-York/Brooklyn/filter/water-front,basement-type=unfinished""]]}",real,redfin,realestate,brooklyn_property_search,train,hard,null,null,null
navi_bench/redfin/brooklyn_property_search/5,"{""_target_"": ""navi_bench.redfin.redfin_url_match.generate_task_config"", ""url"": ""https://www.redfin.com/neighborhood/219258/NY/New-York/Brooklyn/"", ""task"": ""Search for Brooklyn fixer-uppers for sale with a minimum of 3 stories."", ""location"": ""Brooklyn, NY, United States"", ""timezone"": ""America/New_York"", ""gt_urls"": [[""https://www.redfin.com/neighborhood/219258/NY/New-York/Brooklyn/filter/is-fixer,min-stories=3""]]}",real,redfin,realestate,brooklyn_property_search,train,hard,null,null,null
navi_bench/redfin/brooklyn_property_search/6,"{""_target_"": ""navi_bench.redfin.redfin_url_match.generate_task_config"", ""url"": ""https://www.redfin.com/"", ""task"": ""Find Brooklyn properties for sale with at least 2 garage parking spaces and a private pool."", ""location"": ""Brooklyn, NY, United States"", ""timezone"": ""America/New_York"", ""gt_urls"": [[""https://www.redfin.com/neighborhood/219258/NY/New-York/Brooklyn/filter/min-parking=2,pool-type=private""]]}",real,redfin,realestate,brooklyn_property_search,validation,hard,null,null,null
navi_bench/redfin/queens_home_search/1,"{""_target_"": ""navi_bench.redfin.redfin_url_match.generate_task_config"", ""url"": ""https://www.redfin.com/"", ""task"": ""Search for homes for sale in Queens priced between $300k and $800k with at least 2 and maximum 3 bedrooms with minimum 2 bathrooms."", ""location"": ""Queens, NY, United States"", ""timezone"": ""America/New_York"", ""gt_urls"": [[""https://www.redfin.com/neighborhood/43309/NY/New-York/Queens/filter/min-price=300k,max-price=800k,min-beds=2,max-beds=3,min-baths=2""]]}",real,redfin,realestate,queens_home_search,train,medium,null,null,null
navi_bench/redfin/queens_home_search/2,"{""_target_"": ""navi_bench.redfin.redfin_url_match.generate_task_config"", ""url"": ""https://www.redfin.com/"", ""task"": ""Find Queens co-ops for sale with at least one parking space."", ""location"": ""Queens, NY, United States"", ""timezone"": ""America/New_York"", ""gt_urls"": [[""https://www.redfin.com/neighborhood/43309/NY/New-York/Queens/filter/property-type=co-op,min-parking=1""]]}",real,redfin,realestate,queens_home_search,validation,hard,null,null,null
navi_bench/redfin/queens_rental_search/3,"{""_target_"": ""navi_bench.redfin.redfin_url_match.generate_task_config"", ""url"": ""https://www.redfin.com/rentals"", ""task"": ""Search for rental listings in Queens under $2,500 that are dog and cat friendly and allow parking."", ""location"": ""Queens, NY, United States"", ""timezone"": ""America/New_York"", ""gt_urls"": [[""https://www.redfin.com/neighborhood/43309/NY/New-York/Queens/rentals/filter/max-price=2.5k,dogs-allowed,cats-allowed,has-parking""]]}",real,redfin,realestate,queens_rental_search,train,hard,null,null,null
navi_bench/redfin/queens_home_search/4,"{""_target_"": ""navi_bench.redfin.redfin_url_match.generate_task_config"", ""url"": ""https://www.redfin.com/"", ""task"": ""Look for Queens homes for sale built in or after 2015 with 3 bedrooms."", ""location"": ""Queens, NY, United States"", ""timezone"": ""America/New_York"", ""gt_urls"": [[""https://www.redfin.com/neighborhood/43309/NY/New-York/Queens/filter/min-beds=3,max-beds=3,min-year-built=2015""]]}",real,redfin,realestate,queens_home_search,train,medium,null,null,null
navi_bench/redfin/queens_home_search/5,"{""_target_"": ""navi_bench.redfin.redfin_url_match.generate_task_config"", ""url"": ""https://www.redfin.com/"", ""task"": ""Find townhouses for sale in Queens with 1 to 3 bedrooms and no land lease."", ""location"": ""Queens, NY, United States"", ""timezone"": ""America/New_York"", ""gt_urls"": [[""https://www.redfin.com/neighborhood/43309/NY/New-York/Queens/filter/property-type=townhouse,min-beds=1,max-beds=3,exclude-land-lease""]]}",real,redfin,realestate,queens_home_search,train,hard,null,null,null
navi_bench/redfin/denver_home_search/1,"{""_target_"": ""navi_bench.redfin.redfin_url_match.generate_task_config"", ""url"": ""https://www.redfin.com/"", ""task"": ""Search for homes for sale in Denver priced under $700k with 1 to 3 bedrooms."", ""location"": ""Denver, CO, United States"", ""timezone"": ""America/Denver"", ""gt_urls"": [[""https://www.redfin.com/city/5155/CO/Denver/filter/max-price=700k,min-beds=1,max-beds=3""]]}",real,redfin,realestate,denver_home_search,train,medium,null,null,null
navi_bench/redfin/denver_home_search/2,"{""_target_"": ""navi_bench.redfin.redfin_url_match.generate_task_config"", ""url"": ""https://www.redfin.com/"", ""task"": ""Find 2 or 3 bedroom Denver homes for sale with at least 2 garage parking spaces, a private pool, and a view."", ""location"": ""Denver, CO, United States"", ""timezone"": ""America/Denver"", ""gt_urls"": [[""https://www.redfin.com/city/5155/CO/Denver/filter/min-beds=2,max-beds=3,min-parking=2,has-view,pool-type=private"",""https://www.redfin.com/city/5155/CO/Denver/filter/min-beds=2,max-beds=2,min-parking=2,has-view,pool-type=private"",""https://www.redfin.com/city/5155/CO/Denver/filter/min-beds=3,max-beds=3,min-parking=2,has-view,pool-type=private""]]}",real,redfin,realestate,denver_home_search,train,hard,null,null,null
navi_bench/redfin/denver_rental_search/3,"{""_target_"": ""navi_bench.redfin.redfin_url_match.generate_task_config"", ""url"": ""https://www.redfin.com/"", ""task"": ""Search for Denver rentals under $1,800 that allow dogs and include air conditioning."", ""location"": ""Denver, CO, United States"", ""timezone"": ""America/Denver"", ""gt_urls"": [[""https://www.redfin.com/city/5155/CO/Denver/rentals/filter/max-price=1.8k,air-conditioning,dogs-allowed""]]}",real,redfin,realestate,denver_rental_search,train,hard,null,null,null
navi_bench/redfin/denver_home_search/4,"{""_target_"": ""navi_bench.redfin.redfin_url_match.generate_task_config"", ""url"": ""https://www.redfin.com/"", ""task"": ""Look for Denver homes for sale with finished basements and fireplaces."", ""location"": ""Denver, CO, United States"", ""timezone"": ""America/Denver"", ""gt_urls"": [[""https://www.redfin.com/city/5155/CO/Denver/filter/basement-type=finished,fireplace""]]}",real,redfin,realestate,denver_home_search,validation,medium,null,null,null
navi_bench/redfin/denver_home_search/5,"{""_target_"": ""navi_bench.redfin.redfin_url_match.generate_task_config"", ""url"": ""https://www.redfin.com/"", ""task"": ""Find Denver homes for sale with at least 2 bathrooms and built in or after 2010."", ""location"": ""Denver, CO, United States"", ""timezone"": ""America/Denver"", ""gt_urls"": [[""https://www.redfin.com/city/5155/CO/Denver/filter/min-baths=2,min-year-built=2010""]]}",real,redfin,realestate,denver_home_search,train,medium,null,null,null
navi_bench/redfin/denver_rental_search/6,"{""_target_"": ""navi_bench.redfin.redfin_url_match.generate_task_config"", ""url"": ""https://www.redfin.com/rentals"", ""task"": ""Search for furnished rentals in Denver priced between $1,000 and $2,500."", ""location"": ""Denver, CO, United States"", ""timezone"": ""America/Denver"", ""gt_urls"": [[""https://www.redfin.com/city/5155/CO/Denver/rentals/filter/min-price=1k,max-price=2.5k,is-furnished""]]}",real,redfin,realestate,denver_rental_search,train,hard,null,null,null
navi_bench/redfin/queens_property_search/1,"{""_target_"": ""navi_bench.redfin.redfin_url_match.generate_task_config"", ""url"": ""https://www.redfin.com/"", ""task"": ""Find homes in Queens for sale with minimum 2 bathrooms, and at least 1 garage parking spot."", ""location"": ""Queens, NY, United States"", ""timezone"": ""America/New_York"", ""gt_urls"": [[""https://www.redfin.com/neighborhood/43309/NY/New-York/Queens/filter/min-baths=2,min-parking=1""]]}",real,redfin,realestate,queens_property_search,train,medium,null,null,null
navi_bench/redfin/queens_property_search/2,"{""_target_"": ""navi_bench.redfin.redfin_url_match.generate_task_config"", ""url"": ""https://www.redfin.com/"", ""task"": ""Find homes in Queens for sale with 2 to 3 bedrooms, 1.5 bathrooms, and 2 parking spots."", ""location"": ""Queens, NY, United States"", ""timezone"": ""America/New_York"", ""gt_urls"": [[""https://www.redfin.com/neighborhood/43309/NY/New-York/Queens/filter/min-beds=2,max-beds=3,min-baths=1.5,min-parking=2""]]}",real,redfin,realestate,queens_property_search,train,medium,null,null,null
navi_bench/redfin/queens_property_search/3,"{""_target_"": ""navi_bench.redfin.redfin_url_match.generate_task_config"", ""url"": ""https://www.redfin.com/"", ""task"": ""Find townhouses for sale in Queens with minimum 2 maximum 4 bedrooms and 2 bathrooms."", ""location"": ""Queens, NY, United States"", ""timezone"": ""America/New_York"", ""gt_urls"": [[""https://www.redfin.com/neighborhood/43309/NY/New-York/Queens/filter/property-type=townhouse,min-beds=2,max-beds=4,min-baths=2""]]}",real,redfin,realestate,queens_property_search,train,medium,null,null,null
navi_bench/redfin/queens_property_search/4,"{""_target_"": ""navi_bench.redfin.redfin_url_match.generate_task_config"", ""url"": ""https://www.redfin.com/neighborhood/43309/NY/New-York/Queens/condos"", ""task"": ""Look for condos or co-ops for sale in Queens having a view and air conditioning."", ""location"": ""Queens, NY, United States"", ""timezone"": ""America/New_York"", ""gt_urls"": [[""https://www.redfin.com/neighborhood/43309/NY/New-York/Queens/filter/property-type=condo+co-op,has-view,air-conditioning"",""https://www.redfin.com/neighborhood/43309/NY/New-York/Queens/filter/property-type=condo,has-view,air-conditioning"",""https://www.redfin.com/neighborhood/43309/NY/New-York/Queens/filter/property-type=co-op,has-view,air-conditioning""]]}",real,redfin,realestate,queens_property_search,train,easy,null,null,null
navi_bench/redfin/queens_property_search/5,"{""_target_"": ""navi_bench.redfin.redfin_url_match.generate_task_config"", ""url"": ""https://www.redfin.com/"", ""task"": ""Find properties for sale in Queens with finished or unfinished basements."", ""location"": ""Queens, NY, United States"", ""timezone"": ""America/New_York"", ""gt_urls"": [[""https://www.redfin.com/neighborhood/43309/NY/New-York/Queens/filter/basement-type=finished+unfinished"",""https://www.redfin.com/neighborhood/43309/NY/New-York/Queens/filter/basement-type=finished"",""https://www.redfin.com/neighborhood/43309/NY/New-York/Queens/filter/basement-type=unfinished""]]}",real,redfin,realestate,queens_property_search,train,easy,null,null,null
navi_bench/redfin/denver_property_search/1,"{""_target_"": ""navi_bench.redfin.redfin_url_match.generate_task_config"", ""url"": ""https://www.redfin.com/"", ""task"": ""Search for homes for sale in Denver priced under $700,000 with minimum 3 bedrooms."", ""location"": ""Denver, CO, United States"", ""timezone"": ""America/Denver"", ""gt_urls"": [[""https://www.redfin.com/city/5155/CO/Denver/filter/max-price=700k,min-beds=3""]]}",real,redfin,realestate,denver_property_search,train,medium,null,null,null
navi_bench/redfin/denver_property_search/2,"{""_target_"": ""navi_bench.redfin.redfin_url_match.generate_task_config"", ""url"": ""https://www.redfin.com/"", ""task"": ""Find Denver condos for sale with at least 2 garage parking spaces and an elevator."", ""location"": ""Denver, CO, United States"", ""timezone"": ""America/Denver"", ""gt_urls"": [[""https://www.redfin.com/city/5155/CO/Denver/filter/property-type=condo,has-elevator,min-parking=2""]]}",real,redfin,realestate,denver_property_search,train,easy,null,null,null
navi_bench/redfin/denver_property_search/3,"{""_target_"": ""navi_bench.redfin.redfin_url_match.generate_task_config"", ""url"": ""https://www.redfin.com/"", ""task"": ""Look for minimum 5 bedroom Denver houses for sale with fireplaces and air conditioning."", ""location"": ""Denver, CO, United States"", ""timezone"": ""America/Denver"", ""gt_urls"": [[""https://www.redfin.com/city/5155/CO/Denver/filter/property-type=house,min-beds=5,air-conditioning,fireplace""]]}",real,redfin,realestate,denver_property_search,train,medium,null,null,null
navi_bench/redfin/denver_property_search/4,"{""_target_"": ""navi_bench.redfin.redfin_url_match.generate_task_config"", ""url"": ""https://www.redfin.com/city/5155/CO/Denver"", ""task"": ""Search for Denver houses for sale with finished basements."", ""location"": ""Denver, CO, United States"", ""timezone"": ""America/Denver"", ""gt_urls"": [[""https://www.redfin.com/city/5155/CO/Denver/filter/property-type=house,basement-type=finished""]]}",real,redfin,realestate,denver_property_search,validation,easy,null,null,null
navi_bench/redfin/denver_property_search/5,"{""_target_"": ""navi_bench.redfin.redfin_url_match.generate_task_config"", ""url"": ""https://www.redfin.com/"", ""task"": ""Find Denver properties for sale built in or after 2010 with at least 2 bathrooms."", ""location"": ""Denver, CO, United States"", ""timezone"": ""America/Denver"", ""gt_urls"": [[""https://www.redfin.com/city/5155/CO/Denver/filter/min-baths=2,min-year-built=2010""]]}",real,redfin,realestate,denver_property_search,train,medium,null,null,null
navi_bench/redfin/pittsburgh_property_search/1,"{""_target_"": ""navi_bench.redfin.redfin_url_match.generate_task_config"", ""url"": ""https://www.redfin.com/"", ""task"": ""Find homes for sale in Pittsburgh with at least 5 bedrooms under $500,000."", ""location"": ""Pittsburgh, PA, United States"", ""timezone"": ""America/New_York"", ""gt_urls"": [[""https://www.redfin.com/city/15702/PA/Pittsburgh/filter/max-price=500k,min-beds=5""]]}",real,redfin,realestate,pittsburgh_property_search,train,medium,null,null,null
navi_bench/redfin/nashville_property_search/1,"{""_target_"": ""navi_bench.redfin.redfin_url_match.generate_task_config"", ""url"": ""https://www.redfin.com/"", ""task"": ""Search for 4 bedroom Nashville homes for sale with at least 1 garage parking spot and air conditioning."", ""location"": ""Nashville, TN, United States"", ""timezone"": ""America/Chicago"", ""gt_urls"": [[""https://www.redfin.com/city/13415/TN/Nashville/filter/min-beds=4,max-beds=4,min-parking=1,air-conditioning""]]}",real,redfin,realestate,nashville_property_search,train,easy,null,null,null
navi_bench/redfin/indianapolis_property_search/1,"{""_target_"": ""navi_bench.redfin.redfin_url_match.generate_task_config"", ""url"": ""https://www.redfin.com/"", ""task"": ""Find homes for sale in Indianapolis with 2 to 4 bedrooms and minimum 2 bathrooms, built in or after 2015."", ""location"": ""Indianapolis, IN, United States"", ""timezone"": ""America/Indiana/Indianapolis"", ""gt_urls"": [[""https://www.redfin.com/city/9170/IN/Indianapolis/filter/min-beds=2,max-beds=4,min-baths=2,min-year-built=2015""]]}",real,redfin,realestate,indianapolis_property_search,validation,medium,null,null,null
navi_bench/redfin/chicago_property_search/1,"{""_target_"": ""navi_bench.redfin.redfin_url_match.generate_task_config"", ""url"": ""https://www.redfin.com/"", ""task"": ""Search for properties in chicago for rent priced between $800 to $1500 and must have air-conditioning, AT&T fiber connection, minimum two beds and minimum one bath."", ""location"": ""Chicago, IL, United States"", ""timezone"": ""America/New_York"", ""gt_urls"": [[""https://www.redfin.com/city/29470/IL/Chicago/rentals/filter/min-price=800,max-price=1.5k,min-beds=2,min-baths=1,air-conditioning,has-att-fiber""]]}",real,redfin,realestate,chicago_property_search,train,hard,null,null,null
navi_bench/redfin/miami_estate_search/1,"{""_target_"": ""navi_bench.redfin.redfin_url_match.generate_task_config"", ""url"": ""https://www.redfin.com/"", ""task"": ""Find waterfront homes for sale in Miami with at least 4 bedrooms and minimum 3 bathrooms and over 3000 square feet."", ""location"": ""Miami, FL, United States"", ""timezone"": ""America/New_York"", ""gt_urls"": [[""https://www.redfin.com/city/11458/FL/Miami/filter/min-beds=4,min-baths=3,min-sqft=3k-sqft,water-front""]]}",real,redfin,realestate,miami_estate_search,validation,hard,null,null,null
navi_bench/redfin/sf_condo_search/2,"{""_target_"": ""navi_bench.redfin.redfin_url_match.generate_task_config"", ""url"": ""https://www.redfin.com/"", ""task"": ""Search for condos for sale in San Francisco with an elevator and air-conditioning under $1.5M."", ""location"": ""San Francisco, CA, United States"", ""timezone"": ""America/Los_Angeles"", ""gt_urls"": [[""https://www.redfin.com/city/17151/CA/San-Francisco/filter/property-type=condo,max-price=1.5M,has-elevator,air-conditioning""]]}",real,redfin,realestate,sf_condo_search,validation,medium,null,null,null
navi_bench/redfin/austin_home_search/3,"{""_target_"": ""navi_bench.redfin.redfin_url_match.generate_task_config"", ""url"": ""https://www.redfin.com/"", ""task"": ""Find houses for sale in Austin under $500,000 with at least 3 bedrooms."", ""location"": ""Austin, TX, United States"", ""timezone"": ""America/Chicago"", ""gt_urls"": [[""https://www.redfin.com/city/30818/TX/Austin/filter/property-type=house,max-price=500k,min-beds=3""]]}",real,redfin,realestate,austin_home_search,train,easy,null,null,null
navi_bench/redfin/seattle_properties_search/0,"{""_target_"": ""navi_bench.redfin.redfin_url_match.generate_task_config"", ""url"": ""https://www.redfin.com/"", ""task"": ""Find condos or townhouses for sale in Seattle with scenic views, between 750 and 1200 square feet, and at least one story."", ""location"": ""Seattle, WA, United States"", ""timezone"": ""America/Los_Angeles"", ""gt_urls"": [[""https://www.redfin.com/city/16163/WA/Seattle/filter/property-type=condo+townhouse,min-sqft=750-sqft,max-sqft=1.2k-sqft,has-view,min-stories=1"", ""https://www.redfin.com/city/16163/WA/Seattle/filter/property-type=townhouse,min-sqft=750-sqft,max-sqft=1.2k-sqft,has-view,min-stories=1"", ""https://www.redfin.com/city/16163/WA/Seattle/filter/property-type=condo,min-sqft=750-sqft,max-sqft=1.2k-sqft,has-view,min-stories=1""]]}",real,redfin,realestate,seattle_properties_search,validation,hard,null,null,null
navi_bench/redfin/seattle_property_search/7,"{""_target_"": ""navi_bench.redfin.redfin_url_match.generate_task_config"", ""url"": ""https://www.redfin.com/"", ""task"": ""Find condos or townhouses for sale in Seattle with scenic views, between 1500 and 2000 square feet, with at least two stories."", ""location"": ""Seattle, WA, United States"", ""timezone"": ""America/Los_Angeles"", ""gt_urls"": [[""https://www.redfin.com/city/16163/WA/Seattle/filter/property-type=condo+townhouse,min-sqft=1.5k-sqft,max-sqft=2k-sqft,has-view,min-stories=2"", ""https://www.redfin.com/city/16163/WA/Seattle/filter/property-type=townhouse,min-sqft=1.5k-sqft,max-sqft=2k-sqft,has-view,min-stories=2"", ""https://www.redfin.com/city/16163/WA/Seattle/filter/property-type=condo,min-sqft=1.5k-sqft,max-sqft=2k-sqft,has-view,min-stories=2""]]}",real,redfin,realestate,seattle_property_search,train,hard,null,null,null
navi_bench/redfin/dallas_rental_search/3,"{""_target_"": ""navi_bench.redfin.redfin_url_match.generate_task_config"", ""url"": ""https://www.redfin.com/rentals"", ""task"": ""Search for rental properties in Dallas priced under $900 with at least 1 bedroom and minimum 1 bathroom."", ""location"": ""Dallas, TX, United States"", ""timezone"": ""America/Chicago"", ""gt_urls"": [[""https://www.redfin.com/city/30794/TX/Dallas/rentals/filter/max-price=900,min-beds=1,min-baths=1""]]}",real,redfin,realestate,dallas_rental_search,train,easy,null,null,null
navi_bench/redfin/dallas_rental_search/4,"{""_target_"": ""navi_bench.redfin.redfin_url_match.generate_task_config"", ""url"": ""https://www.redfin.com/"", ""task"": ""Find house or apartment rentals in Dallas priced between $600 and $1,000 with 2 to 4 bedrooms."", ""location"": ""Dallas, TX, United States"", ""timezone"": ""America/Chicago"", ""gt_urls"": [[""https://www.redfin.com/city/30794/TX/Dallas/rentals/filter/property-type=house+multifamily,min-price=600,max-price=1k,min-beds=2,max-beds=4"", ""https://www.redfin.com/city/30794/TX/Dallas/rentals/filter/property-type=house,min-price=600,max-price=1k,min-beds=2,max-beds=4"", ""https://www.redfin.com/city/30794/TX/Dallas/rentals/filter/property-type=multifamily,min-price=600,max-price=1k,min-beds=2,max-beds=4""]]}",real,redfin,realestate,dallas_rental_search,train,medium,null,null,null
navi_bench/redfin/dallas_rental_search/5,"{""_target_"": ""navi_bench.redfin.redfin_url_match.generate_task_config"", ""url"": ""https://www.redfin.com/rentals"", ""task"": ""Search for rental homes between 700 to 1500 square feet in Dallas that allow dogs and include air conditioning, AT&T fiber, a dishwasher, and parking."", ""location"": ""Dallas, TX, United States"", ""timezone"": ""America/Chicago"", ""gt_urls"": [[""https://www.redfin.com/city/30794/TX/Dallas/rentals/filter/min-sqft=700,max-sqft=1500,dogs-allowed,air-conditioning,has-att-fiber,has-dishwasher,has-parking""]]}",real,redfin,realestate,dallas_rental_search,train,hard,null,null,null
navi_bench/redfin/dallas_rental_search/6,"{""_target_"": ""navi_bench.redfin.redfin_url_match.generate_task_config"", ""url"": ""https://www.redfin.com/rentals"", ""task"": ""Find Dallas rental properties with Great schools rating 4 or higher and that have elementry, middle and high schools nearby. The walk and transit scores should be at least 60."", ""location"": ""Dallas, TX, United States"", ""timezone"": ""America/Chicago"", ""gt_urls"": [[""https://www.redfin.com/city/30794/TX/Dallas/rentals/filter/school-rating=4,school-types=elementary+middle+high,walk-score=60,transit-score=60""]]}",real,redfin,realestate,dallas_rental_search,train,hard,null,null,null
navi_bench/redfin/dallas_property_search/2,"{""_target_"": ""navi_bench.redfin.redfin_url_match.generate_task_config"", ""url"": ""https://www.redfin.com/"", ""task"": ""Look for homes for sale in Dallas that include a finished or unfinished basement, a primary bedroom on the main level, and a guest house."", ""location"": ""Dallas, TX, United States"", ""timezone"": ""America/Chicago"", ""gt_urls"": [[""https://www.redfin.com/city/30794/TX/Dallas/filter/basement-type=finished+unfinished,primary-bed-on-main,guest-house"", ""https://www.redfin.com/city/30794/TX/Dallas/filter/basement-type=finished,primary-bed-on-main,guest-house"", ""https://www.redfin.com/city/30794/TX/Dallas/filter/basement-type=unfinished,primary-bed-on-main,guest-house""]]}",real,redfin,realestate,dallas_property_search,train,medium,null,null,null
navi_bench/redfin/dallas_land_search/0,"{""_target_"": ""navi_bench.redfin.redfin_url_match.generate_task_config"", ""url"": ""https://www.redfin.com/"", ""task"": ""Search for land for sale in Dallas with FHA financing accepted and a maximum price per square foot of $600."", ""location"": ""Dallas, TX, United States"", ""timezone"": ""America/Chicago"", ""gt_urls"": [[""https://www.redfin.com/city/30794/TX/Dallas/filter/property-type=land,max-price-per-sqft=600-sqft,financing-type=FHA""]]}",real,redfin,realestate,dallas_land_search,validation,medium,null,null,null
navi_bench/redfin/dallas_multifamily_search/0,"{""_target_"": ""navi_bench.redfin.redfin_url_match.generate_task_config"", ""url"": ""https://www.redfin.com/"", ""task"": ""Find multifamily properties for sale in Dallas with at least 3,000 square feet."", ""location"": ""Dallas, TX, United States"", ""timezone"": ""America/Chicago"", ""gt_urls"": [[""https://www.redfin.com/city/30794/TX/Dallas/filter/property-type=multifamily,min-sqft=3k-sqft""]]}",real,redfin,realestate,dallas_multifamily_search,train,medium,null,null,null
navi_bench/redfin/orland_park_sales_search/0,"{""_target_"":""navi_bench.redfin.redfin_url_match.generate_task_config"",""url"":""https://www.redfin.com/"",""task"":""Find homes in Orland Park, Illinois priced between $200,000 and $1,000,000 that were sold in the last 3 months."",""location"":""Orland Park, IL, United States"",""timezone"":""America/Chicago"",""gt_urls"": [[""https://www.redfin.com/city/29503/IL/Orland-Park/filter/min-price=200k,max-price=1M,include=sold-3mo""]]}",real,redfin,realestate,orland_park_sales_search,train,medium,null,null,null
navi_bench/redfin/orland_park_sales_search/1,"{""_target_"":""navi_bench.redfin.redfin_url_match.generate_task_config"",""url"":""https://www.redfin.com/"",""task"":""Search for homes for sale in Orland Park with at least 3 bedrooms and minimum 2 bathrooms."",""location"":""Orland Park, IL, United States"",""timezone"":""America/Chicago"",""gt_urls"": [[""https://www.redfin.com/city/29503/IL/Orland-Park/filter/min-beds=3,min-baths=2""]]}",real,redfin,realestate,orland_park_sales_search,train,easy,null,null,null
navi_bench/redfin/orland_park_sales_search/2,"{""_target_"":""navi_bench.redfin.redfin_url_match.generate_task_config"",""url"":""https://www.redfin.com/"",""task"":""Find waterfront homes in Orland Park that were sold within the last 6 months."",""location"":""Orland Park, IL, United States"",""timezone"":""America/Chicago"",""gt_urls"": [[""https://www.redfin.com/city/29503/IL/Orland-Park/filter/include=sold-6mo,water-front""]]}",real,redfin,realestate,orland_park_sales_search,train,medium,null,null,null
navi_bench/redfin/orland_park_sales_search/3,"{""_target_"":""navi_bench.redfin.redfin_url_match.generate_task_config"",""url"":""https://www.redfin.com/"",""task"":""Look for townhouses for sale in Orland Park with 1 to 3 bedrooms, excluding land-lease properties, and including finished basement."",""location"":""Orland Park, IL, United States"",""timezone"":""America/Chicago"",""gt_urls"": [[""https://www.redfin.com/city/29503/IL/Orland-Park/filter/property-type=townhouse,min-beds=1,max-beds=3,exclude-land-lease,basement-type=finished""]]}",real,redfin,realestate,orland_park_sales_search,train,hard,null,null,null
navi_bench/redfin/irvine_home_search/5,"{""_target_"":""navi_bench.redfin.redfin_url_match.generate_task_config"",""url"":""https://www.redfin.com/"",""task"":""Search for homes for sale in Irvine California with a finished or unfinished basement, primary bedroom on the main floor, air conditioning, and a fireplace."",""location"":""Irvine, CA, United States"",""timezone"":""America/Los_Angeles"",""gt_urls"": [[""https://www.redfin.com/city/9361/CA/Irvine/filter/basement-type=finished+unfinished,primary-bed-on-main,air-conditioning,fireplace"", ""https://www.redfin.com/city/9361/CA/Irvine/filter/basement-type=finished,primary-bed-on-main,air-conditioning,fireplace"", ""https://www.redfin.com/city/9361/CA/Irvine/filter/basement-type=unfinished,primary-bed-on-main,air-conditioning,fireplace""]]}",real,redfin,realestate,irvine_home_search,validation,hard,null,null,null
navi_bench/redfin/manhattan_homes_search/6,"{""_target_"":""navi_bench.redfin.redfin_url_match.generate_task_config"",""url"":""https://www.redfin.com/"",""task"":""Find homes for sale in Manhattan priced between $200,000 and $1,000,000 with 2 to 3 bedrooms, at least 2 bathrooms, and that allow pets."",""location"":""Manhattan, NY, United States"",""timezone"":""America/New_York"",""gt_urls"": [[""https://www.redfin.com/city/35948/NY/Manhattan/filter/min-price=200k,max-price=1M,min-beds=2,max-beds=3,min-baths=2,pets-allowed""]]}",real,redfin,realestate,manhattan_homes_search,train,hard,null,null,null
navi_bench/redfin/long_island_homes_search/0,"{""_target_"":""navi_bench.redfin.redfin_url_match.generate_task_config"",""url"":""https://www.redfin.com/neighborhood/219261/NY/New-York/Long-Island"",""task"":""Find homes for sale in Long Island priced between $250,000 and $750,000 with at least 2,000 sqft, that have elementary, middle, and high schools with a GreatSchools rating of 4 or higher."",""location"":""New York, NY, United States"",""timezone"":""America/New_York"",""gt_urls"": [[""https://www.redfin.com/neighborhood/219261/NY/New-York/Long-Island/filter/min-price=250k,max-price=750k,min-sqft=2k-sqft,school-rating=4,school-types=elementary+middle+high""]]}",real,redfin,realestate,long_island_homes_search,train,hard,null,null,null
navi_bench/redfin/long_island_homes_search/1,"{""_target_"":""navi_bench.redfin.redfin_url_match.generate_task_config"",""url"":""https://www.redfin.com/neighborhood/219261/NY/New-York/Long-Island"",""task"":""Search for Long Island homes for sale with either finished or unfinished basements and a washer and dryer hookup."",""location"":""New York, NY, United States"",""timezone"":""America/New_York"",""gt_urls"": [[""https://www.redfin.com/neighborhood/219261/NY/New-York/Long-Island/filter/basement-type=finished+unfinished,washer-dryer"", ""https://www.redfin.com/neighborhood/219261/NY/New-York/Long-Island/filter/basement-type=finished,washer-dryer"", ""https://www.redfin.com/neighborhood/219261/NY/New-York/Long-Island/filter/basement-type=unfinished,washer-dryer""]]}",real,redfin,realestate,long_island_homes_search,train,medium,null,null,null
navi_bench/redfin/long_island_homes_search/2,"{""_target_"":""navi_bench.redfin.redfin_url_match.generate_task_config"",""url"":""https://www.redfin.com/neighborhood/219261/NY/New-York/Long-Island"",""task"":""Find fixer-upper homes for sale in Long Island with 1 to 3 stories."",""location"":""New York, NY, United States"",""timezone"":""America/New_York"",""gt_urls"": [[""https://www.redfin.com/neighborhood/219261/NY/New-York/Long-Island/filter/is-fixer,min-stories=1,max-stories=3""]]}",real,redfin,realestate,long_island_homes_search,train,medium,null,null,null
navi_bench/redfin/philadelphia_rentals_search/3,"{""_target_"":""navi_bench.redfin.redfin_url_match.generate_task_config"",""url"":""https://www.redfin.com/city/15502/PA/Philadelphia/rentals"",""task"":""Look for rental homes in Philadelphia under $2,000 with at least 3 bathrooms, minimum 700 sqft, cat-friendly, and parking allowed."",""location"":""Philadelphia, PA, United States"",""timezone"":""America/New_York"",""gt_urls"": [[""https://www.redfin.com/city/15502/PA/Philadelphia/rentals/filter/max-price=2k,min-baths=3,min-sqft=700,cats-allowed,has-parking""]]}",real,redfin,realestate,philadelphia_rentals_search,train,hard,null,null,null
navi_bench/redfin/philadelphia_rentals_search/4,"{""_target_"":""navi_bench.redfin.redfin_url_match.generate_task_config"",""url"":""https://www.redfin.com/rentals"",""task"":""Find condos or apartment rentals in Philadelphia with at least 4 bedrooms and 4 bathrooms."",""location"":""Philadelphia, PA, United States"",""timezone"":""America/New_York"",""gt_urls"": [[""https://www.redfin.com/city/15502/PA/Philadelphia/rentals/filter/property-type=condo+multifamily,min-beds=4,min-baths=4"", ""https://www.redfin.com/city/15502/PA/Philadelphia/rentals/filter/property-type=multifamily,min-beds=4,min-baths=4"", ""https://www.redfin.com/city/15502/PA/Philadelphia/rentals/filter/property-type=condo,min-beds=4,min-baths=4""]]}",real,redfin,realestate,philadelphia_rentals_search,train,medium,null,null,null
navi_bench/redfin/ohio_city_rentals_search/5,"{""_target_"":""navi_bench.redfin.redfin_url_match.generate_task_config"",""url"":""https://www.redfin.com/neighborhood/150814/OH/Cleveland/Ohio-City/rentals"",""task"":""Search for rentals in Ohio City under $1,000 with at least 1 bedroom."",""location"":""Cleveland, OH, United States"",""timezone"":""America/New_York"",""gt_urls"": [[""https://www.redfin.com/neighborhood/150814/OH/Cleveland/Ohio-City/rentals/filter/max-price=1k,min-beds=1""]]}",real,redfin,realestate,ohio_city_rentals_search,validation,easy,null,null,null
navi_bench/redfin/ohio_city_homes_search/6,"{""_target_"":""navi_bench.redfin.redfin_url_match.generate_task_config"",""url"":""https://www.redfin.com/neighborhood/150814/OH/Cleveland/Ohio-City"",""task"":""Find homes in Ohio City for sale priced under $600,000 with at least 4 bedrooms and a minimum of 2,000 sqft."",""location"":""Cleveland, OH, United States"",""timezone"":""America/New_York"",""gt_urls"": [[""https://www.redfin.com/neighborhood/150814/OH/Cleveland/Ohio-City/filter/max-price=600k,min-beds=4,min-sqft=2k-sqft""]]}",real,redfin,realestate,ohio_city_homes_search,train,medium,null,null,null
navi_bench/redfin/ohio_city_search/7,"{""_target_"":""navi_bench.redfin.redfin_url_match.generate_task_config"",""url"":""https://www.redfin.com/neighborhood/150814/OH/Cleveland/Ohio-City"",""task"":""Find available 1-2 bedroom condos for sale in Ohio City."",""location"":""Cleveland, OH, United States"",""timezone"":""America/New_York"",""gt_urls"": [[""https://www.redfin.com/neighborhood/150814/OH/Cleveland/Ohio-City/filter/property-type=condo,min-beds=1,max-beds=2""]]}",real,redfin,realestate,ohio_city_search,train,easy,null,null,null
navi_bench/redfin/ohio_city_search/8,"{""_target_"":""navi_bench.redfin.redfin_url_match.generate_task_config"",""url"":""https://www.redfin.com/neighborhood/150814/OH/Cleveland/Ohio-City"",""task"":""Find homes for sale in Ohio City with at least 3 bathrooms and a minimum of 2 garage parking spaces."",""location"":""Cleveland, OH, United States"",""timezone"":""America/New_York"",""gt_urls"": [[""https://www.redfin.com/neighborhood/150814/OH/Cleveland/Ohio-City/filter/min-baths=3,min-parking=2""]]}",real,redfin,realestate,ohio_city_search,train,medium,null,null,null
navi_bench/redfin/washington_dc_rentals/0,"{""_target_"":""navi_bench.redfin.redfin_url_match.generate_task_config"",""url"":""https://www.redfin.com/rentals"",""task"":""Find apartment rental properties in Washington DC that include special deals and have utilities included."",""location"":""Washington, DC, United States"",""timezone"":""America/New_York"",""gt_urls"": [[""https://www.redfin.com/city/12839/DC/Washington-DC/rentals/filter/property-type=multifamily,has-deal,utilities-included""]]}",real,redfin,realestate,washington_dc_rentals,train,hard,null,null,null
navi_bench/redfin/washington_dc_homes_search/1,"{""_target_"":""navi_bench.redfin.redfin_url_match.generate_task_config"",""url"":""https://www.redfin.com/"",""task"":""Search for homes for sale in Washington DC with at least two parking spaces and a private pool."",""location"":""Washington, DC, United States"",""timezone"":""America/New_York"",""gt_urls"": [[""https://www.redfin.com/city/12839/DC/Washington-DC/filter/min-parking=2,pool-type=private""]]}",real,redfin,realestate,washington_dc_home_search,train,hard,null,null,null
navi_bench/redfin/washington_dc_homes_search/2,"{""_target_"":""navi_bench.redfin.redfin_url_match.generate_task_config"",""url"":""https://www.redfin.com/"",""task"":""Find newly constructed homes in Washington DC for sale with at least three bedrooms and two parking spaces."",""location"":""Washington, DC, United States"",""timezone"":""America/New_York"",""gt_urls"": [[""https://www.redfin.com/city/12839/DC/Washington-DC/filter/min-beds=3,min-parking=2,include=construction""]]}",real,redfin,realestate,washington_dc_homes_search,train,hard,null,null,null
navi_bench/redfin/floris_va_rentals/3,"{""_target_"":""navi_bench.redfin.redfin_url_match.generate_task_config"",""url"":""https://www.redfin.com/"",""task"":""Find any available rental properties in Floris Virginia with a pool."",""location"":""Floris, VA, United States"",""timezone"":""America/New_York"",""gt_urls"": [[""https://www.redfin.com/city/35914/VA/Floris/rentals/filter/has-pool""]]}",real,redfin,realestate,floris_va_rentals,train,hard,null,null,null
navi_bench/redfin/tampa_family_homes_search/4,"{""_target_"":""navi_bench.redfin.redfin_url_match.generate_task_config"",""url"":""https://www.redfin.com/"",""task"":""Search for houses for sale in Tampa priced between $300k and $500k that have accessibility features."",""location"":""Tampa, FL, United States"",""timezone"":""America/New_York"",""gt_urls"": [[""https://www.redfin.com/city/18142/FL/Tampa/filter/property-type=house,min-price=300k,max-price=500k,is-accessible""]]}",real,redfin,realestate,tampa_family_homes_search,validation,hard,null,null,null
navi_bench/redfin/tampa_newer_homes_search/5,"{""_target_"":""navi_bench.redfin.redfin_url_match.generate_task_config"",""url"":""https://www.redfin.com/"",""task"":""Find homes for sale in Tampa priced between $200k and $700k built in or after 2010 with at least two bathrooms and minimum 2000 square feet in lot size."",""location"":""Tampa, FL, United States"",""timezone"":""America/New_York"",""gt_urls"": [[""https://www.redfin.com/city/18142/FL/Tampa/filter/min-price=200k,max-price=700k,min-baths=2,min-year-built=2010,min-lot-size=2k-sqft""]]}",real,redfin,realestate,tampa_newer_homes_search,validation,medium,null,null,null
navi_bench/redfin/tampa_green_homes_search/6,"{""_target_"":""navi_bench.redfin.redfin_url_match.generate_task_config"",""url"":""https://www.redfin.com/"",""task"":""Search for environmentally friendly green homes for sale in Tampa built in or after 2018 with at least two bathrooms priced between $200k and $700k."",""location"":""Tampa, FL, United States"",""timezone"":""America/New_York"",""gt_urls"": [[""https://www.redfin.com/city/18142/FL/Tampa/filter/min-price=200k,max-price=700k,min-baths=2,min-year-built=2018,is-green""]]}",real,redfin,realestate,tampa_green_homes_search,train,hard,null,null,null
navi_bench/redfin/tampa_homes_search/7,"{""_target_"":""navi_bench.redfin.redfin_url_match.generate_task_config"",""url"":""https://www.redfin.com/"",""task"":""Find properties in Tampa for sale that has at least 1 garage parking spot and a balcony home feature."",""location"":""Tampa, FL, United States"",""timezone"":""America/New_York"",""gt_urls"": [[""https://www.redfin.com/city/18142/FL/Tampa/filter/min-parking=1,remarks=balcony""]]}",real,redfin,realestate,tampa_home_search,train,hard,null,null,null
navi_bench/redfin/tampa_homes_search/8,"{""_target_"":""navi_bench.redfin.redfin_url_match.generate_task_config"",""url"":""https://www.redfin.com/"",""task"":""Search for Tampa properties for sale that offer atleast one garage spot and has elevator access."",""location"":""Tampa, FL, United States"",""timezone"":""America/New_York"",""gt_urls"": [[""https://www.redfin.com/city/18142/FL/Tampa/filter/has-elevator,min-parking=1""]]}",real,redfin,realestate,tampa_homes_search,validation,easy,null,null,null
navi_bench/redfin/tampa_affordable_homes_search/9,"{""_target_"":""navi_bench.redfin.redfin_url_match.generate_task_config"",""url"":""https://www.redfin.com/"",""task"":""Look for affordable homes for sale in Tampa priced under $400k that have air conditioning and fireplace."",""location"":""Tampa, FL, United States"",""timezone"":""America/New_York"",""gt_urls"": [[""https://www.redfin.com/city/18142/FL/Tampa/filter/max-price=400k,air-conditioning,fireplace""]]}",real,redfin,realestate,tampa_affordable_homes_search,train,medium,null,null,null
navi_bench/redfin/kansas_city_house_search/0,"{""_target_"": ""navi_bench.redfin.redfin_url_match.generate_task_config"", ""url"": ""https://www.redfin.com/"", ""task"": ""Find houses for sale in Kansas City that are between 1,600 to 2,000 square feet."", ""location"": ""Kansas City, MO, United States"", ""timezone"": ""America/Chicago"", ""gt_urls"": [[""https://www.redfin.com/city/35751/MO/Kansas-City/filter/property-type=house,min-sqft=1.6k-sqft,max-sqft=2k-sqft""]]}",real,redfin,realestate,kansas_city_house_search,validation,medium,null,null,null
navi_bench/redfin/kansas_city_homes_search/1,"{""_target_"": ""navi_bench.redfin.redfin_url_match.generate_task_config"", ""url"": ""https://www.redfin.com/"", ""task"": ""Search for homes for sale in Kansas City priced under $525,000."", ""location"": ""Kansas City, MO, United States"", ""timezone"": ""America/Chicago"", ""gt_urls"": [[""https://www.redfin.com/city/35751/MO/Kansas-City/filter/max-price=525k""]]}",real,redfin,realestate,kansas_city_homes_search,train,easy,null,null,null
navi_bench/redfin/kansas_city_homes_search/2,"{""_target_"": ""navi_bench.redfin.redfin_url_match.generate_task_config"", ""url"": ""https://www.redfin.com/"", ""task"": ""Find pet-friendly homes in Kansas City for sale with 1 to 4 bedrooms and at least 1 bathroom, under $200,000."", ""location"": ""Kansas City, MO, United States"", ""timezone"": ""America/Chicago"", ""gt_urls"": [[""https://www.redfin.com/city/35751/MO/Kansas-City/filter/max-price=200k,min-beds=1,max-beds=4,min-baths=1,pets-allowed""]]}",real,redfin,realestate,kansas_city_homes_search,train,medium,null,null,null
navi_bench/redfin/kansas_city_homes_search/3,"{""_target_"": ""navi_bench.redfin.redfin_url_match.generate_task_config"", ""url"": ""https://www.redfin.com/rentals"", ""task"": ""Look for rental properties in Kansas City priced under $1,000 per month."", ""location"": ""Kansas City, MO, United States"", ""timezone"": ""America/Chicago"", ""gt_urls"": [[""https://www.redfin.com/city/35751/MO/Kansas-City/rentals/filter/max-price=1k""]]}",real,redfin,realestate,kansas_city_homes_search,train,easy,null,null,null
navi_bench/redfin/kansas_city_rentals_search/4,"{""_target_"": ""navi_bench.redfin.redfin_url_match.generate_task_config"", ""url"": ""https://www.redfin.com/"", ""task"": ""Find rentals in Kansas City priced between $600 and $2,500 that allow parking."", ""location"": ""Kansas City, MO, United States"", ""timezone"": ""America/Chicago"", ""gt_urls"": [[""https://www.redfin.com/city/35751/MO/Kansas-City/rentals/filter/min-price=600,max-price=2.5k,has-parking""]]}",real,redfin,realestate,kansas_city_rentals_search,train,medium,null,null,null
navi_bench/redfin/kansas_city_rentals_search/5,"{""_target_"": ""navi_bench.redfin.redfin_url_match.generate_task_config"", ""url"": ""https://www.redfin.com/"", ""task"": ""Search for furnished rental homes in Kansas City priced between $200 and $3,500 and includes dishwasher too."", ""location"": ""Kansas City, MO, United States"", ""timezone"": ""America/Chicago"", ""gt_urls"": [[""https://www.redfin.com/city/35751/MO/Kansas-City/rentals/filter/min-price=200,max-price=3.5k,has-dishwasher,is-furnished""]]}",real,redfin,realestate,kansas_city_rentals_search,train,medium,null,null,null
navi_bench/redfin/portland_homes_search/6,"{""_target_"": ""navi_bench.redfin.redfin_url_match.generate_task_config"", ""url"": ""https://www.redfin.com/"", ""task"": ""Find multi-family properties for sale in Portland with at least 2 stories and are priced under $700,000."", ""location"": ""Portland, OR, United States"", ""timezone"": ""America/Los_Angeles"", ""gt_urls"": [[""https://www.redfin.com/city/30772/OR/Portland/filter/property-type=multifamily,max-price=700k,min-stories=2""]]}",real,redfin,realestate,portland_homes_search,train,medium,null,null,null
navi_bench/redfin/portland_rentals_search/7,"{""_target_"": ""navi_bench.redfin.redfin_url_match.generate_task_config"", ""url"": ""https://www.redfin.com/"", ""task"": ""Look for rental properties in Portland priced between $800 and $3,500 that allow parking."", ""location"": ""Portland, OR, United States"", ""timezone"": ""America/Los_Angeles"", ""gt_urls"": [[""https://www.redfin.com/city/30772/OR/Portland/rentals/filter/min-price=800,max-price=3.5k,has-parking""]]}",real,redfin,realestate,portland_rentals_search,train,medium,null,null,null
navi_bench/redfin/santa_fe_budget_rentals_search/8,"{""_target_"": ""navi_bench.redfin.redfin_url_match.generate_task_config"", ""url"": ""https://www.redfin.com/"", ""task"": ""Search for rental properties in Santa Fe priced under $1,250 per month."", ""location"": ""Santa Fe, NM, United States"", ""timezone"": ""America/Denver"", ""gt_urls"": [[""https://www.redfin.com/city/18007/NM/Santa-Fe/rentals/filter/max-price=1.25k""]]}",real,redfin,realestate,santa_fe_budget_rentals_search,train,easy,null,null,null
navi_bench/redfin/santa_fe_rentals_search/9,"{""_target_"": ""navi_bench.redfin.redfin_url_match.generate_task_config"", ""url"": ""https://www.redfin.com/rentals"", ""task"": ""Find furnished rental homes in Santa Fe priced between $600 and $2,500."", ""location"": ""Santa Fe, NM, United States"", ""timezone"": ""America/Denver"", ""gt_urls"": [[""https://www.redfin.com/city/18007/NM/Santa-Fe/rentals/filter/min-price=600,max-price=2.5k,is-furnished""]]}",real,redfin,realestate,santa_fe_rentals_search,train,medium,null,null,null
navi_bench/redfin/new_orleans_home_search/0,"{""_target_"":""navi_bench.redfin.redfin_url_match.generate_task_config"",""url"":""https://www.redfin.com/city/14233/LA/New-Orleans"",""task"":""Find houses or townhouses for sale in New Orleans between 1,600 and 2,000 square feet."",""location"":""New Orleans, LA, United States"",""timezone"":""America/Chicago"",""gt_urls"": [[""https://www.redfin.com/city/14233/LA/New-Orleans/filter/property-type=house+townhouse,min-sqft=1.6k-sqft,max-sqft=2k-sqft"", ""https://www.redfin.com/city/14233/LA/New-Orleans/filter/property-type=house,min-sqft=1.6k-sqft,max-sqft=2k-sqft"", ""https://www.redfin.com/city/14233/LA/New-Orleans/filter/property-type=townhouse,min-sqft=1.6k-sqft,max-sqft=2k-sqft""]]}",real,redfin,realestate,new_orleans_home_search,train,medium,null,null,null
navi_bench/redfin/property_search/1,"{""_target_"": ""navi_bench.redfin.redfin_url_match.generate_task_config"", ""url"": ""https://www.redfin.com/"", ""task"": ""Find condos for sale in Chicago, IL."", ""location"": ""Chicago, IL, United States"", ""timezone"": ""America/Chicago"", ""gt_urls"": [[""https://www.redfin.com/city/29470/IL/Chicago/filter/property-type=condo""]]}",real,redfin,realestate,sale_search,easy,null,null,train,null
navi_bench/redfin/property_search/2,"{""_target_"": ""navi_bench.redfin.redfin_url_match.generate_task_config"", ""url"": ""https://www.redfin.com/"", ""task"": ""Find townhouses for sale in Austin, TX."", ""location"": ""Austin, TX, United States"", ""timezone"": ""America/Chicago"", ""gt_urls"": [[""https://www.redfin.com/city/30818/TX/Austin/filter/property-type=townhouse""]]}",real,redfin,realestate,sale_search,easy,null,null,train,null
navi_bench/redfin/property_search/3,"{""_target_"": ""navi_bench.redfin.redfin_url_match.generate_task_config"", ""url"": ""https://www.redfin.com/"", ""task"": ""Find homes for sale with pools in Miami, FL."", ""location"": ""Miami, FL, United States"", ""timezone"": ""America/New_York"", ""gt_urls"": [[""https://www.redfin.com/city/11458/FL/Miami/filter/pool-type=private+community""]]}",real,redfin,realestate,sale_search,easy,null,null,validation,null
navi_bench/redfin/property_search/4,"{""_target_"": ""navi_bench.redfin.redfin_url_match.generate_task_config"", ""url"": ""https://www.redfin.com/"", ""task"": ""Find single-family houses for sale in Seattle, WA."", ""location"": ""Seattle, WA, United States"", ""timezone"": ""America/Los_Angeles"", ""gt_urls"": [[""https://www.redfin.com/city/16163/WA/Seattle/filter/property-type=house""]]}",real,redfin,realestate,sale_search,easy,null,null,train,null
navi_bench/redfin/sale_search/5,"{""_target_"": ""navi_bench.redfin.redfin_url_match.generate_task_config"", ""url"": ""https://www.redfin.com/"", ""task"": ""Find homes for sale with a primary bedroom on main floor in Portland, OR."", ""location"": ""Portland, OR, United States"", ""timezone"": ""America/Los_Angeles"", ""gt_urls"": [[""https://www.redfin.com/city/30772/OR/Portland/filter/primary-bed-on-main""]]}",real,redfin,realestate,sale_search,easy,null,null,train,null
navi_bench/redfin/sale_search/6,"{""_target_"": ""navi_bench.redfin.redfin_url_match.generate_task_config"", ""url"": ""https://www.redfin.com/"", ""task"": ""Find 2+ bedroom condos for sale with RV parking in Seattle, WA."", ""location"": ""Seattle, WA, United States"", ""timezone"": ""America/Los_Angeles"", ""gt_urls"": [[""https://www.redfin.com/city/16163/WA/Seattle/filter/property-type=condo,min-beds=2,rv-parking""]]}",real,redfin,realestate,sale_search,medium,null,null,train,null
navi_bench/redfin/sale_search/8,"{""_target_"": ""navi_bench.redfin.redfin_url_match.generate_task_config"", ""url"": ""https://www.redfin.com/"", ""task"": ""Find 3+ bedroom townhouses with 2+ bathrooms for sale in Denver, CO."", ""location"": ""Denver, CO, United States"", ""timezone"": ""America/Denver"", ""gt_urls"": [[""https://www.redfin.com/city/5155/CO/Denver/filter/property-type=townhouse,min-beds=3,min-baths=2""]]}",real,redfin,realestate,sale_search,medium,null,null,train,null
navi_bench/redfin/sale_search/9,"{""_target_"": ""navi_bench.redfin.redfin_url_match.generate_task_config"", ""url"": ""https://www.redfin.com/"", ""task"": ""Find condos for sale under $500K with a fireplace in Boston, MA."", ""location"": ""Boston, MA, United States"", ""timezone"": ""America/New_York"", ""gt_urls"": [[""https://www.redfin.com/city/1826/MA/Boston/filter/property-type=condo,max-price=500k,fireplace""]]}",real,redfin,realestate,sale_search,medium,null,null,train,null
navi_bench/redfin/sale_search/10,"{""_target_"": ""navi_bench.redfin.redfin_url_match.generate_task_config"", ""url"": ""https://www.redfin.com/"", ""task"": ""Find 4+ bedroom houses with a view for sale in Phoenix, AZ."", ""location"": ""Phoenix, AZ, United States"", ""timezone"": ""America/Phoenix"", ""gt_urls"": [[""https://www.redfin.com/city/14240/AZ/Phoenix/filter/property-type=house,min-beds=4,has-view""]]}",real,redfin,realestate,sale_search,medium,null,null,train,null
navi_bench/redfin/sale_search/11,"{""_target_"": ""navi_bench.redfin.redfin_url_match.generate_task_config"", ""url"": ""https://www.redfin.com/"", ""task"": ""Find fixer-upper co-ops for sale in California, MD with elevator."", ""location"": ""California, MD, United States"", ""timezone"": ""America/New_York"", ""gt_urls"": [[""https://www.redfin.com/city/21853/MD/California/filter/property-type=co-op,has-elevator,is-fixer""]]}",real,redfin,realestate,sale_search,hard,null,null,train,null
navi_bench/redfin/sale_search/12,"{""_target_"": ""navi_bench.redfin.redfin_url_match.generate_task_config"", ""url"": ""https://www.redfin.com/"", ""task"": ""Find condos for sale in San Francisco with 3+ beds, 2+ baths, and nice views between $800K and $1.5M."", ""location"": ""San Francisco, CA, United States"", ""timezone"": ""America/Los_Angeles"", ""gt_urls"": [[""https://www.redfin.com/city/17151/CA/San-Francisco/filter/property-type=condo,min-price=800k,max-price=1.5M,min-beds=3,min-baths=2,has-view""]]}",real,redfin,realestate,sale_search,hard,null,null,train,null
navi_bench/redfin/sale_search/13,"{""_target_"": ""navi_bench.redfin.redfin_url_match.generate_task_config"", ""url"": ""https://www.redfin.com/"", ""task"": ""Find waterfront homes for sale in Miami with 4+ beds, 3+ baths, private or community pool, and at least 3000 sqft."", ""location"": ""Miami, FL, United States"", ""timezone"": ""America/New_York"", ""gt_urls"": [[""https://www.redfin.com/city/11458/FL/Miami/filter/min-beds=4,min-baths=3,min-sqft=3k-sqft,water-front,pool-type=private+community""]]}",real,redfin,realestate,sale_search,hard,null,null,train,null
navi_bench/redfin/sale_search/14,"{""_target_"": ""navi_bench.redfin.redfin_url_match.generate_task_config"", ""url"": ""https://www.redfin.com/"", ""task"": ""Find active sale listings for houses in Allegheny County, PA under $375K listed within the last month with 3+ stories, lot size up to 4,500 sqft, fixer-upper condition, virtual tour available and sorted by lowest price."", ""location"": ""Allegheny County, PA, United States"", ""timezone"": ""America/New_York"", ""gt_urls"": [[""https://www.redfin.com/county/2362/PA/Allegheny-County/filter/sort=lo-price,property-type=house,max-price=375k,max-days-on-market=1mo,max-lot-size=4.5k-sqft,is-fixer,status=active,min-stories=3,has-virtual-tour""]]}",real,redfin,realestate,sale_search,hard,null,null,train,null
navi_bench/redfin/sale_search/15,"{""_target_"": ""navi_bench.redfin.redfin_url_match.generate_task_config"", ""url"": ""https://www.redfin.com/"", ""task"": ""Find homes for sale in Butler, PA under $200K with price per sqft under $400, elementary school rating of 3+, including active, coming soon and contract / pending listings."", ""location"": ""Butler, PA, United States"", ""timezone"": ""America/New_York"", ""gt_urls"": [[""https://www.redfin.com/city/2695/PA/Butler/filter/max-price=200k,max-price-per-sqft=400-sqft,school-rating=3,school-types=elementary,status=active+comingsoon+contingent+pending""]]}",real,redfin,realestate,sale_search,hard,null,null,train,null
navi_bench/redfin/sale_search/16,"{""_target_"": ""navi_bench.redfin.redfin_url_match.generate_task_config"", ""url"": ""https://www.redfin.com/"", ""task"": ""Find homes for sale in Oak Hills, PA with spa in the listing description, monthly payment up to $4,000 and a customised plan with 6.5% interest rate, 0.43% insurance rate, 20% down payment, excluding short sales."", ""location"": ""Oak Hills, PA, United States"", ""timezone"": ""America/New_York"", ""gt_urls"": [[""https://www.redfin.com/city/24903/PA/Oak-Hills/filter/remarks=spa,exclude-short-sale,max-monthly-payment=4k,interest-rate=6.5,insurance-rate=0.43,mortgage-down-payment-percent=20""]]}",real,redfin,realestate,sale_search,hard,null,null,train,null
navi_bench/redfin/sale_search/17,"{""_target_"": ""navi_bench.redfin.redfin_url_match.generate_task_config"", ""url"": ""https://www.redfin.com/"", ""task"": ""Find house or co-op for sale in Lakeside, OH under $550K with finished basement."", ""location"": ""Lakeside, OH, United States"", ""timezone"": ""America/New_York"", ""gt_urls"": [[""https://www.redfin.com/city/33478/OH/Lakeside/filter/property-type=house+co-op,max-price=550k,basement-type=finished"", ""https://www.redfin.com/city/33478/OH/Lakeside/filter/property-type=house,max-price=550k,basement-type=finished"", ""https://www.redfin.com/city/33478/OH/Lakeside/filter/property-type=co-op,max-price=550k,basement-type=finished""]]}",real,redfin,realestate,sale_search,medium,null,null,train,null
navi_bench/redfin/sale_search/18,"{""_target_"": ""navi_bench.redfin.redfin_url_match.generate_task_config"", ""url"": ""https://www.redfin.com/"", ""task"": ""Find homes for sale in Manhattan, NY with fireplace, doorman home features and open house available"", ""location"": ""Manhattan, NY, United States"", ""timezone"": ""America/New_York"", ""gt_urls"": [[""https://www.redfin.com/city/35948/NY/Manhattan/filter/remarks=doorman,open-house=anytime,fireplace""]]}",real,redfin,realestate,sale_search,medium,null,null,train,null
navi_bench/redfin/sale_search/19,"{""_target_"": ""navi_bench.redfin.redfin_url_match.generate_task_config"", ""url"": ""https://www.redfin.com/"", ""task"": ""Find homes for sale in Manhattan, NY built in 2019 or later with guest house, washer/dryer hookup, and no private pool."", ""location"": ""Manhattan, NY, United States"", ""timezone"": ""America/New_York"", ""gt_urls"": [[""https://www.redfin.com/city/35948/NY/Manhattan/filter/min-year-built=2019,pool-type=no-private,guest-house,washer-dryer""]]}",real,redfin,realestate,sale_search,medium,null,null,train,null
navi_bench/redfin/sold_search/7,"{""_target_"": ""navi_bench.redfin.redfin_url_match.generate_task_config"", ""url"": ""https://www.redfin.com/"", ""task"": ""Find homes sold within the last month in Portland, OR with 2+ bathrooms."", ""location"": ""Portland, OR, United States"", ""timezone"": ""America/Los_Angeles"", ""gt_urls"": [[""https://www.redfin.com/city/30772/OR/Portland/filter/min-baths=2,include=sold-1mo""]]}",real,redfin,realestate,sold_search,medium,null,null,train,null
navi_bench/redfin/sold_search/13,"{""_target_"": ""navi_bench.redfin.redfin_url_match.generate_task_config"", ""url"": ""https://www.redfin.com/"", ""task"": ""Find recently sold townhouses within the last 3 months in Austin, TX with 3+ beds, 2.5+ baths built after 2010."", ""location"": ""Austin, TX, United States"", ""timezone"": ""America/Chicago"", ""gt_urls"": [[""https://www.redfin.com/city/30818/TX/Austin/filter/sort=hi-sale-date,property-type=townhouse,min-beds=3,min-baths=2.5,min-year-built=2010,include=sold-3mo""]]}",real,redfin,realestate,sold_search,hard,null,null,train,null
navi_bench/redfin/sold_search/14,"{""_target_"": ""navi_bench.redfin.redfin_url_match.generate_task_config"", ""url"": ""https://www.redfin.com/"", ""task"": ""Find homes sold in the last 3 months in Denver, CO that are pet-friendly, have a guest house, and annual property tax under $1000."", ""location"": ""Denver, CO, United States"", ""timezone"": ""America/Denver"", ""gt_urls"": [[""https://www.redfin.com/city/5155/CO/Denver/filter/max-property-tax=1000,include=sold-3mo,pets-allowed,guest-house""]]}",real,redfin,realestate,sold_search,hard,null,null,train,null
navi_bench/redfin/sold_search/15,"{""_target_"": ""navi_bench.redfin.redfin_url_match.generate_task_config"", ""url"": ""https://www.redfin.com/"", ""task"": ""Find townhouses sold in the last 3 months in Denver, CO with 2+ bathrooms, washer/dryer, and lot size of at least 6,500 sqft."", ""location"": ""Denver, CO, United States"", ""timezone"": ""America/Denver"", ""gt_urls"": [[""https://www.redfin.com/city/5155/CO/Denver/filter/property-type=townhouse,min-baths=2,min-lot-size=6.5k-sqft,include=sold-3mo,washer-dryer""]]}",real,redfin,realestate,sold_search,hard,null,null,train,null
navi_bench/redfin/sold_search/16,"{""_target_"": ""navi_bench.redfin.redfin_url_match.generate_task_config"", ""url"": ""https://www.redfin.com/"", ""task"": ""Find townhouses or mobile homes sold in the last 3 months in Denver, CO with 2+ bathrooms, at least 1,100 sqft, lot size of at least 3 acres, air conditioning, and FHA financing."", ""location"": ""Denver, CO, United States"", ""timezone"": ""America/Denver"", ""gt_urls"": [[""https://www.redfin.com/city/5155/CO/Denver/filter/property-type=townhouse+manufactured,min-baths=2,min-sqft=1.1k-sqft,min-lot-size=3-acre,include=sold-3mo,air-conditioning,financing-type=FHA"", ""https://www.redfin.com/city/5155/CO/Denver/filter/property-type=townhouse,min-baths=2,min-sqft=1.1k-sqft,min-lot-size=3-acre,include=sold-3mo,air-conditioning,financing-type=FHA"", ""https://www.redfin.com/city/5155/CO/Denver/filter/property-type=manufactured,min-baths=2,min-sqft=1.1k-sqft,min-lot-size=3-acre,include=sold-3mo,air-conditioning,financing-type=FHA""]]}",real,redfin,realestate,sold_search,hard,null,null,train,null
navi_bench/redfin/sold_search/17,"{""_target_"": ""navi_bench.redfin.redfin_url_match.generate_task_config"", ""url"": ""https://www.redfin.com/"", ""task"": ""Find multifamily homes sold in the last 2 years in Washington, DC with 2+ bedrooms, middle school rating of 5+."", ""location"": ""Washington, DC, United States"", ""timezone"": ""America/New_York"", ""gt_urls"": [[""https://www.redfin.com/city/12839/DC/Washington-DC/filter/property-type=multifamily,min-beds=2,include=sold-2yr,school-rating=5,school-types=middle""]]}",real,redfin,realestate,sold_search,hard,null,null,train,null
navi_bench/redfin/sold_search/18,"{""_target_"": ""navi_bench.redfin.redfin_url_match.generate_task_config"", ""url"": ""https://www.redfin.com/"", ""task"": ""Find townhouse or mobiles homes sold in the last 2 years in Washington, DC with 2+ bedrooms, 2.5+ bathrooms, up to 1,800 sqft, fixer-upper condition, VA financing, walk score of 40+, sorted by lot size."", ""location"": ""Washington, DC, United States"", ""timezone"": ""America/New_York"", ""gt_urls"": [[""https://www.redfin.com/city/12839/DC/Washington-DC/filter/sort=hi-lot-sqft,property-type=townhouse+manufactured,min-beds=2,min-baths=2.5,max-sqft=1.8k-sqft,include=sold-2yr,is-fixer,financing-type=VA,walk-score=40"", ""https://www.redfin.com/city/12839/DC/Washington-DC/filter/sort=hi-lot-sqft,property-type=townhouse,min-beds=2,min-baths=2.5,max-sqft=1.8k-sqft,include=sold-2yr,is-fixer,financing-type=VA,walk-score=40"", ""https://www.redfin.com/city/12839/DC/Washington-DC/filter/sort=hi-lot-sqft,property-type=manufactured,min-beds=2,min-baths=2.5,max-sqft=1.8k-sqft,include=sold-2yr,is-fixer,financing-type=VA,walk-score=40""]]}",real,redfin,realestate,sold_search,hard,null,null,train,null
navi_bench/redfin/sold_search/19,"{""_target_"": ""navi_bench.redfin.redfin_url_match.generate_task_config"", ""url"": ""https://www.redfin.com/"", ""task"": ""Find house or other property types sold in the last 6 months in Washington, DC with 2+ bedrooms, 2.5+ bathrooms, up to 1,800 sqft, unfinished basement, VA financing"", ""location"": ""Washington, DC, United States"", ""timezone"": ""America/New_York"", ""gt_urls"": [[""https://www.redfin.com/city/12839/DC/Washington-DC/filter/property-type=house+other,min-beds=2,min-baths=2.5,max-sqft=1.8k-sqft,include=sold-6mo,basement-type=unfinished,financing-type=VA"", ""https://www.redfin.com/city/12839/DC/Washington-DC/filter/property-type=house,min-beds=2,min-baths=2.5,max-sqft=1.8k-sqft,include=sold-6mo,basement-type=unfinished,financing-type=VA"", ""https://www.redfin.com/city/12839/DC/Washington-DC/filter/property-type=other,min-beds=2,min-baths=2.5,max-sqft=1.8k-sqft,include=sold-6mo,basement-type=unfinished,financing-type=VA""]]}",real,redfin,realestate,sold_search,hard,null,null,validation,null
navi_bench/redfin/sold_search/20,"{""_target_"": ""navi_bench.redfin.redfin_url_match.generate_task_config"", ""url"": ""https://www.redfin.com/"", ""task"": ""Find house or condo sold in the last 5 years in Washington, DC with 1.5+ bathrooms, at least 2,500 sqft, finished basement, HOA fees of $100 or less, excluding land lease properties, sorted by square feet."", ""location"": ""Washington, DC, United States"", ""timezone"": ""America/New_York"", ""gt_urls"": [[""https://www.redfin.com/city/12839/DC/Washington-DC/filter/sort=hi-sqft,property-type=house+condo,min-baths=1.5,min-sqft=2.5k-sqft,hoa=100,include=sold-5yr,exclude-land-lease,basement-type=finished"", ""https://www.redfin.com/city/12839/DC/Washington-DC/filter/sort=hi-sqft,property-type=house,min-baths=1.5,min-sqft=2.5k-sqft,hoa=100,include=sold-5yr,exclude-land-lease,basement-type=finished"", ""https://www.redfin.com/city/12839/DC/Washington-DC/filter/sort=hi-sqft,property-type=condo,min-baths=1.5,min-sqft=2.5k-sqft,hoa=100,include=sold-5yr,exclude-land-lease,basement-type=finished""]]}",real,redfin,realestate,sold_search,hard,null,null,train,null
navi_bench/redfin/sold_search/21,"{""_target_"": ""navi_bench.redfin.redfin_url_match.generate_task_config"", ""url"": ""https://www.redfin.com/"", ""task"": ""Find houses sold in the last 2 years in Washington, DC with a view, finished basement, and price reduced within the last week, sorted by most recent sold."", ""location"": ""Washington, DC, United States"", ""timezone"": ""America/New_York"", ""gt_urls"": [[""https://www.redfin.com/city/12839/DC/Washington-DC/filter/sort=hi-sale-date,property-type=house,include=sold-2yr,has-view,max-price-reduced=1wk,basement-type=finished""]]}",real,redfin,realestate,sold_search,hard,null,null,train,null
navi_bench/redfin/sold_search/22,"{""_target_"": ""navi_bench.redfin.redfin_url_match.generate_task_config"", ""url"": ""https://www.redfin.com/"", ""task"": ""Find houses sold in the last 6 months in Washington, DC under $3.75M with price per sqft under $600, price reduced within the last week, green/eco-friendly features, unfinished basement, pet-friendly, and fireplace, sorted by lowest price."", ""location"": ""Washington, DC, United States"", ""timezone"": ""America/New_York"", ""gt_urls"": [[""https://www.redfin.com/city/12839/DC/Washington-DC/filter/sort=lo-price,property-type=house,max-price=3.75M,max-price-per-sqft=600-sqft,include=sold-6mo,max-price-reduced=1wk,is-green,basement-type=unfinished,pets-allowed,fireplace""]]}",real,redfin,realestate,sold_search,hard,null,null,train,null
navi_bench/redfin/sold_search/23,"{""_target_"": ""navi_bench.redfin.redfin_url_match.generate_task_config"", ""url"": ""https://www.redfin.com/"", ""task"": ""Find single-story homes sold in the last month in Meadowood, PA with 'modern' in the listing description."", ""location"": ""Meadowood, PA, United States"", ""timezone"": ""America/New_York"", ""gt_urls"": [[""https://www.redfin.com/city/24353/PA/Meadowood/filter/remarks=modern,include=sold-1mo,max-stories=1""]]}",real,redfin,realestate,sold_search,medium,null,null,train,null
navi_bench/redfin/sold_search/26,"{""_target_"": ""navi_bench.redfin.redfin_url_match.generate_task_config"", ""url"": ""https://www.redfin.com/"", ""task"": ""Find homes sold in the last 3 months in Lakeside, OH with 2+ bedrooms, elevator, and HOA fees of $250 or less."", ""location"": ""Lakeside, OH, United States"", ""timezone"": ""America/New_York"", ""gt_urls"": [[""https://www.redfin.com/city/33478/OH/Lakeside/filter/min-beds=2,has-elevator,hoa=250,include=sold-3mo""]]}",real,redfin,realestate,sold_search,medium,null,null,train,null
navi_bench/redfin/sold_search/27,"{""_target_"": ""navi_bench.redfin.redfin_url_match.generate_task_config"", ""url"": ""https://www.redfin.com/"", ""task"": ""Find homes sold in the last 3 months in Lakeside, OH with accessibility features, community pool, and fireplace."", ""location"": ""Lakeside, OH, United States"", ""timezone"": ""America/New_York"", ""gt_urls"": [[""https://www.redfin.com/city/33478/OH/Lakeside/filter/include=sold-3mo,is-accessible,pool-type=community,fireplace""]]}",real,redfin,realestate,sold_search,medium,null,null,train,null
navi_bench/redfin/sold_search/28,"{""_target_"": ""navi_bench.redfin.redfin_url_match.generate_task_config"", ""url"": ""https://www.redfin.com/"", ""task"": ""Find homes sold in the last 3 months in Lakeside, OH with price per sqft of at least $400, 2+ parking spaces including outdoor parking, accessibility features, private or community pool, and FHA financing."", ""location"": ""Lakeside, OH, United States"", ""timezone"": ""America/New_York"", ""gt_urls"": [[""https://www.redfin.com/city/33478/OH/Lakeside/filter/min-price-per-sqft=400-sqft,min-parking=2,include=sold-3mo,is-accessible,pool-type=private+community,include-outdoor-parking,financing-type=FHA""]]}",real,redfin,realestate,sold_search,medium,null,null,train,null
navi_bench/redfin/sold_search/24,"{""_target_"": ""navi_bench.redfin.redfin_url_match.generate_task_config"", ""url"": ""https://www.redfin.com/"", ""task"": ""Find waterfront townhouse or multifamily homes sold in the last 3 months in Butler, PA built in 2022 or later, excluding age-restricted communities."", ""location"": ""Butler, PA, United States"", ""timezone"": ""America/New_York"", ""gt_urls"": [[""https://www.redfin.com/city/2695/PA/Butler/filter/property-type=townhouse+multifamily,min-year-built=2022,include=sold-3mo,exclude-age-restricted,water-front"", ""https://www.redfin.com/city/2695/PA/Butler/filter/property-type=townhouse,min-year-built=2022,include=sold-3mo,exclude-age-restricted,water-front"", ""https://www.redfin.com/city/2695/PA/Butler/filter/property-type=multifamily,min-year-built=2022,include=sold-3mo,exclude-age-restricted,water-front""]]}",real,redfin,realestate,sold_search,hard,null,null,train,null
navi_bench/redfin/sold_search/25,"{""_target_"": ""navi_bench.redfin.redfin_url_match.generate_task_config"", ""url"": ""https://www.redfin.com/"", ""task"": ""Find condos sold in the last month in Meadowood, PA with price per sqft of at least $1,800, lot size of at least 3 acres, property tax of $1,000/year, and 'office' in the listing description."", ""location"": ""Meadowood, PA, United States"", ""timezone"": ""America/New_York"", ""gt_urls"": [[""https://www.redfin.com/city/24353/PA/Meadowood/filter/property-type=condo,min-price-per-sqft=1.8k-sqft,remarks=office,min-lot-size=3-acre,max-property-tax=1000,include=sold-1mo""]]}",real,redfin,realestate,sold_search,hard,null,null,train,null
navi_bench/redfin/rental_search/5,"{""_target_"": ""navi_bench.redfin.redfin_url_match.generate_task_config"", ""url"": ""https://www.redfin.com/"", ""task"": ""Find 1+ bedroom apartments for rent in Denver, CO under $2000/month."", ""location"": ""Denver, CO, United States"", ""timezone"": ""America/Denver"", ""gt_urls"": [[""https://www.redfin.com/city/5155/CO/Denver/rentals/filter/property-type=multifamily,max-price=2k,min-beds=1""]]}",real,redfin,realestate,rental_search,medium,null,null,train,null
navi_bench/redfin/rental_search/6,"{""_target_"": ""navi_bench.redfin.redfin_url_match.generate_task_config"", ""url"": ""https://www.redfin.com/"", ""task"": ""Find 2+ bedroom rentals where dogs are allowed in Portland, OR."", ""location"": ""Portland, OR, United States"", ""timezone"": ""America/Los_Angeles"", ""gt_urls"": [[""https://www.redfin.com/city/30772/OR/Portland/rentals/filter/min-beds=2,dogs-allowed""]]}",real,redfin,realestate,rental_search,medium,null,null,train,null
navi_bench/redfin/rental_search/7,"{""_target_"": ""navi_bench.redfin.redfin_url_match.generate_task_config"", ""url"": ""https://www.redfin.com/"", ""task"": ""Find furnished senior living rentals in Portland, OR with 1.5+ bathrooms, laundry facility, and virtual tour available."", ""location"": ""Portland, OR, United States"", ""timezone"": ""America/Los_Angeles"", ""gt_urls"": [[""https://www.redfin.com/city/30772/OR/Portland/rentals/filter/min-baths=1.5,has-laundry-facility,has-virtual-tour,is-furnished,is-senior-living""]]}",real,redfin,realestate,rental_search,hard,null,null,train,null
navi_bench/redfin/rental_search/8,"{""_target_"": ""navi_bench.redfin.redfin_url_match.generate_task_config"", ""url"": ""https://www.redfin.com/"", ""task"": ""Find income-restricted rentals in Portland, OR with 3+ bathrooms, pool, in-unit washer/dryer, walk score of 53+, and school rating of 5+ for elementary, middle, and high schools."", ""location"": ""Portland, OR, United States"", ""timezone"": ""America/Los_Angeles"", ""gt_urls"": [[""https://www.redfin.com/city/30772/OR/Portland/rentals/filter/min-baths=3,school-rating=5,school-types=elementary+middle+high,has-pool,washer-dryer-in-unit,walk-score=53,is-income-restricted""]]}",real,redfin,realestate,rental_search,hard,null,null,train,null
navi_bench/redfin/rental_search/9,"{""_target_"": ""navi_bench.redfin.redfin_url_match.generate_task_config"", ""url"": ""https://www.redfin.com/"", ""task"": ""Find house rentals in Portland, OR under $70K/month with 3+ bathrooms, 600-1,600 sqft, transit score of 50+, parking, utilities included, short-term lease available."", ""location"": ""Portland, OR, United States"", ""timezone"": ""America/Los_Angeles"", ""gt_urls"": [[""https://www.redfin.com/city/30772/OR/Portland/rentals/filter/property-type=house,max-price=70k,min-baths=3,min-sqft=600,max-sqft=1600,transit-score=50,has-parking,utilities-included,has-short-term-lease""]]}",real,redfin,realestate,rental_search,hard,null,null,train,null
navi_bench/redfin/rental_search/10,"{""_target_"": ""navi_bench.redfin.redfin_url_match.generate_task_config"", ""url"": ""https://www.redfin.com/"", ""task"": ""Find house rentals in Washington, DC between $20K-$70K/month with minimum 3 bedrooms, at least 1,100 sqft, cats allowed, bike score of 60+, AT&T fiber, dishwasher, special deals, short-term lease available."", ""location"": ""Washington, DC, United States"", ""timezone"": ""America/New_York"", ""gt_urls"": [[""https://www.redfin.com/city/12839/DC/Washington-DC/rentals/filter/property-type=house,min-price=20k,max-price=70k,min-beds=3,min-sqft=1100,cats-allowed,bike-score=60,has-att-fiber,has-dishwasher,has-deal,has-short-term-lease""]]}",real,redfin,realestate,rental_search,hard,null,null,train,null
navi_bench/redfin/rental_search/11,"{""_target_"": ""navi_bench.redfin.redfin_url_match.generate_task_config"", ""url"": ""https://www.redfin.com/"", ""task"": ""Find condo rentals in Washington, DC starting at $20K/month with at least 1,100 sqft, cats allowed, air conditioning, bike score of 60+, short-term lease available, sorted by number of bedrooms."", ""location"": ""Washington, DC, United States"", ""timezone"": ""America/New_York"", ""gt_urls"": [[""https://www.redfin.com/city/12839/DC/Washington-DC/rentals/filter/sort=lo-beds,property-type=condo,min-price=20k,min-sqft=1100,cats-allowed,air-conditioning,bike-score=60,has-short-term-lease""]]}",real,redfin,realestate,rental_search,hard,null,null,train,null
navi_bench/redfin/rental_search/13,"{""_target_"": ""navi_bench.redfin.redfin_url_match.generate_task_config"", ""url"": ""https://www.redfin.com/"", ""task"": ""Find townhome rentals in Washington, DC sorted by lowest price."", ""location"": ""Washington, DC, United States"", ""timezone"": ""America/New_York"", ""gt_urls"": [[""https://www.redfin.com/city/12839/DC/Washington-DC/rentals/filter/sort=lo-price,property-type=townhouse""]]}",real,redfin,realestate,rental_search,medium,null,null,train,null
navi_bench/redfin/rental_search/14,"{""_target_"": ""navi_bench.redfin.redfin_url_match.generate_task_config"", ""url"": ""https://www.redfin.com/"", ""task"": ""Find furnished rentals in Philadelphia, PA under $1,650/month with a pool, sorted by oldest listings."", ""location"": ""Philadelphia, PA, United States"", ""timezone"": ""America/New_York"", ""gt_urls"": [[""https://www.redfin.com/city/15502/PA/Philadelphia/rentals/filter/sort=hi-days,max-price=1.65k,has-pool,is-furnished""]]}",real,redfin,realestate,rental_search,medium,null,null,train,null
navi_bench/redfin/rental_search/15,"{""_target_"": ""navi_bench.redfin.redfin_url_match.generate_task_config"", ""url"": ""https://www.redfin.com/"", ""task"": ""Find multifamily rental apartments that are for senior living in Philadelphia, PA under $1,350/month with 1.5+ bathrooms, air conditioning, and virtual tour available, sorted by lowest price."", ""location"": ""Philadelphia, PA, United States"", ""timezone"": ""America/New_York"", ""gt_urls"": [[""https://www.redfin.com/city/15502/PA/Philadelphia/rentals/filter/sort=lo-price,property-type=multifamily,max-price=1.35k,min-baths=1.5,air-conditioning,has-virtual-tour,is-senior-living""]]}",real,redfin,realestate,rental_search,hard,null,null,train,null
navi_bench/redfin/rental_search/18,"{""_target_"": ""navi_bench.redfin.redfin_url_match.generate_task_config"", ""url"": ""https://www.redfin.com/"", ""task"": ""Find furnished townhome rentals in Pittsburgh, PA under $80K/month with 1+ bedrooms, up to 1,600 sqft, cats allowed, and in-unit washer/dryer, sorted by square feet."", ""location"": ""Pittsburgh, PA, United States"", ""timezone"": ""America/New_York"", ""gt_urls"": [[""https://www.redfin.com/city/15702/PA/Pittsburgh/rentals/filter/sort=lo-sqft,property-type=townhouse,max-price=80k,min-beds=1,max-sqft=1600,cats-allowed,washer-dryer-in-unit,is-furnished""]]}",real,redfin,realestate,rental_search,medium,null,null,train,null
navi_bench/redfin/rental_search/19,"{""_target_"": ""navi_bench.redfin.redfin_url_match.generate_task_config"", ""url"": ""https://www.redfin.com/"", ""task"": ""Find townhome rentals in Allegheny County, PA under $8,000/month with 2.5+ bathrooms, up to 1,600 sqft, cats allowed, special deals, and virtual tour available."", ""location"": ""Allegheny County, PA, United States"", ""timezone"": ""America/New_York"", ""gt_urls"": [[""https://www.redfin.com/county/2362/PA/Allegheny-County/rentals/filter/property-type=townhouse,max-price=8k,min-baths=2.5,max-sqft=1600,cats-allowed,has-deal,has-virtual-tour""]]}",real,redfin,realestate,rental_search,medium,null,null,train,null
navi_bench/redfin/rental_search/20,"{""_target_"": ""navi_bench.redfin.redfin_url_match.generate_task_config"", ""url"": ""https://www.redfin.com/"", ""task"": ""Find rental condo in Lakeside, OH under $1,100/month with laundry facility."", ""location"": ""Lakeside, OH, United States"", ""timezone"": ""America/New_York"", ""gt_urls"": [[""https://www.redfin.com/city/33478/OH/Lakeside/rentals/filter/property-type=condo,max-price=1.1k,has-laundry-facility""]]}",real,redfin,realestate,rental_search,medium,null,null,train,null
navi_bench/redfin/rental_search/21,"{""_target_"": ""navi_bench.redfin.redfin_url_match.generate_task_config"", ""url"": ""https://www.redfin.com/"", ""task"": ""Find multifamily rental apartments in Manhattan, NY with 1.5+ bathrooms and sorted by newest listings."", ""location"": ""Manhattan, NY, United States"", ""timezone"": ""America/New_York"", ""gt_urls"": [[""https://www.redfin.com/city/35948/NY/Manhattan/rentals/filter/sort=lo-days,property-type=multifamily,min-baths=1.5""]]}",real,redfin,realestate,rental_search,medium,null,null,train,null
navi_bench/redfin/rental_search/22,"{""_target_"": ""navi_bench.redfin.redfin_url_match.generate_task_config"", ""url"": ""https://www.redfin.com/"", ""task"": ""Find rentals in Manhattan, NY with 5+ bedrooms, 3+ bathrooms, special deals, and utilities included, sorted by newest listings."", ""location"": ""Manhattan, NY, United States"", ""timezone"": ""America/New_York"", ""gt_urls"": [[""https://www.redfin.com/city/35948/NY/Manhattan/rentals/filter/sort=lo-days,min-beds=5,min-baths=3,has-deal,utilities-included""]]}",real,redfin,realestate,rental_search,medium,null,null,train,null
navi_bench/redfin/rental_search/23,"{""_target_"": ""navi_bench.redfin.redfin_url_match.generate_task_config"", ""url"": ""https://www.redfin.com/"", ""task"": ""Find rentals in New York, NY with 4+ bedrooms, pool, cats allowed, and virtual tour available, sorted by newest listings."", ""location"": ""New York, NY, United States"", ""timezone"": ""America/New_York"", ""gt_urls"": [[""https://www.redfin.com/city/30749/NY/New-York/rentals/filter/sort=lo-days,min-beds=4,has-pool,cats-allowed,has-virtual-tour""]]}",real,redfin,realestate,rental_search,medium,null,null,train,null
navi_bench/redfin/rental_search/24,"{""_target_"": ""navi_bench.redfin.redfin_url_match.generate_task_config"", ""url"": ""https://www.redfin.com/"", ""task"": ""Find rental apartments in Philadelphia PA with laundry hookups and dishwasher, sorted by lowest price."", ""location"": ""Philadelphia, PA, United States"", ""timezone"": ""America/New_York"", ""gt_urls"": [[""https://www.redfin.com/city/15502/PA/Philadelphia/rentals/filter/sort=lo-price,property-type=multifamily,has-laundry-hookups,has-dishwasher""]]}",real,redfin,realestate,rental_search,medium,null,null,train,null
